year,geo_description,subtype,quintile,perc,type,se
2006,"Forsyth County, NC",24,1,0.48371905274488697,agep,0.05862548677370463
2006,"Forsyth County, NC",24,2,0.18824004305705058,agep,0.05317051004223518
2006,"Forsyth County, NC",24,3,0.17680301399354145,agep,0.046934499109486764
2006,"Forsyth County, NC",24,4,0.11773412271259419,agep,0.035298265742917355
2006,"Forsyth County, NC",24,5,0.0335037674919268,agep,0.022699761730117146
2006,"Forsyth County, NC",44,1,0.18563587197804415,agep,0.02224687566387049
2006,"Forsyth County, NC",44,2,0.18529281188198732,agep,0.023287805119112916
2006,"Forsyth County, NC",44,3,0.2513823303870525,agep,0.023802756037821095
2006,"Forsyth County, NC",44,4,0.16767566694918676,agep,0.02183222811548664
2006,"Forsyth County, NC",44,5,0.21001331880372925,agep,0.020723310130097847
2006,"Forsyth County, NC",64,1,0.12721964968794042,agep,0.019151749734954863
2006,"Forsyth County, NC",64,2,0.12293134688947051,agep,0.014352150993899667
2006,"Forsyth County, NC",64,3,0.21944835917052546,agep,0.019876343295381082
2006,"Forsyth County, NC",64,4,0.21123414535937185,agep,0.018723026962683523
2006,"Forsyth County, NC",64,5,0.3191664988926918,agep,0.01882157851705982
2006,"Forsyth County, NC",150,1,0.23726374000984812,agep,0.023289786189347773
2006,"Forsyth County, NC",150,2,0.2590810954130525,agep,0.02471014515224692
2006,"Forsyth County, NC",150,3,0.21650695049429947,agep,0.02415943818805984
2006,"Forsyth County, NC",150,4,0.16821332525283134,agep,0.02335612743536765
2006,"Forsyth County, NC",150,5,0.11893488882996857,agep,0.01698559359439266
2007,"Forsyth County, NC",24,1,0.357293550331525,agep,0.07904934973565737
2007,"Forsyth County, NC",24,2,0.31690777576853524,agep,0.06943673907995937
2007,"Forsyth County, NC",24,3,0.27034358047016277,agep,0.0999458665393809
2007,"Forsyth County, NC",24,4,0.04701627486437613,agep,0.022065995524061906
2007,"Forsyth County, NC",24,5,0.008438818565400843,agep,0.008775772606752122
2007,"Forsyth County, NC",44,1,0.1769283950617284,agep,0.02477155239437327
2007,"Forsyth County, NC",44,2,0.20351604938271606,agep,0.039433504628807715
2007,"Forsyth County, NC",44,3,0.19559506172839505,agep,0.031936800022715796
2007,"Forsyth County, NC",44,4,0.20847407407407406,agep,0.020564681511312483
2007,"Forsyth County, NC",44,5,0.2154864197530864,agep,0.022977140201621966
2007,"Forsyth County, NC",64,1,0.11509847683934375,agep,0.014023722788852475
2007,"Forsyth County, NC",64,2,0.1913543991542347,agep,0.017923659627340563
2007,"Forsyth County, NC",64,3,0.14115666235952856,agep,0.016367225569613626
2007,"Forsyth County, NC",64,4,0.21279220016445435,agep,0.018389273102537403
2007,"Forsyth County, NC",64,5,0.3395982614824386,agep,0.01954363727000755
2007,"Forsyth County, NC",150,1,0.29197750909558634,agep,0.02606786544012325
2007,"Forsyth County, NC",150,2,0.21200984895814193,agep,0.02388577927094332
2007,"Forsyth County, NC",150,3,0.19745691080812908,agep,0.02367218840793323
2007,"Forsyth County, NC",150,4,0.17485575686303334,agep,0.01988657471976785
2007,"Forsyth County, NC",150,5,0.12369997427510933,agep,0.015722631947015144
2008,"Forsyth County, NC",24,1,0.4231721621269386,agep,0.07249938580012368
2008,"Forsyth County, NC",24,2,0.30952691255050174,agep,0.06820110029471378
2008,"Forsyth County, NC",24,3,0.1354098787957774,agep,0.04394824663256568
2008,"Forsyth County, NC",24,4,0.11429688518180633,agep,0.042815975295457824
2008,"Forsyth County, NC",24,5,0.01759416134497589,agep,0.012486495707721562
2008,"Forsyth County, NC",44,1,0.14991805572210898,agep,0.02489003965095296
2008,"Forsyth County, NC",44,2,0.239457169124995,agep,0.028956520977609933
2008,"Forsyth County, NC",44,3,0.20667945796858136,agep,0.02381579437606946
2008,"Forsyth County, NC",44,4,0.20470080345365152,agep,0.02135287413103526
2008,"Forsyth County, NC",44,5,0.19924451373066315,agep,0.016061128051852187
2008,"Forsyth County, NC",64,1,0.13023972805786677,agep,0.017260794801831545
2008,"Forsyth County, NC",64,2,0.1421174331508528,agep,0.0175136659599913
2008,"Forsyth County, NC",64,3,0.20504357793632286,agep,0.023666889380038737
2008,"Forsyth County, NC",64,4,0.20968793849680822,agep,0.019883891977915208
2008,"Forsyth County, NC",64,5,0.3129113223581494,agep,0.022950817931999542
2008,"Forsyth County, NC",150,1,0.24213905303859343,agep,0.021314038996342002
2008,"Forsyth County, NC",150,2,0.2729991974903334,agep,0.024661855961340903
2008,"Forsyth County, NC",150,3,0.206172028890348,agep,0.021054696484441693
2008,"Forsyth County, NC",150,4,0.16374844969723498,agep,0.02126316793547686
2008,"Forsyth County, NC",150,5,0.11494127088349018,agep,0.015159991435133325
2009,"Forsyth County, NC",24,1,0.5788304959289415,agep,0.07493191604272997
2009,"Forsyth County, NC",24,2,0.25647668393782386,agep,0.0740703851193072
2009,"Forsyth County, NC",24,3,0.12176165803108809,agep,0.05267675015880459
2009,"Forsyth County, NC",24,4,0.04293116210214656,agep,0.02894553256838801
2009,"Forsyth County, NC",44,1,0.13291048885444495,agep,0.01839379024804102
2009,"Forsyth County, NC",44,2,0.2174657883466237,agep,0.025712810187424738
2009,"Forsyth County, NC",44,3,0.2506271286684478,agep,0.03952937408442447
2009,"Forsyth County, NC",44,4,0.21658882793220893,agep,0.03631907748367488
2009,"Forsyth County, NC",44,5,0.18240776619827462,agep,0.019537624996017966
2009,"Forsyth County, NC",64,1,0.18404086665492336,agep,0.018357062670477486
2009,"Forsyth County, NC",64,2,0.12820151488462217,agep,0.013164907075638646
2009,"Forsyth County, NC",64,3,0.20334683811872467,agep,0.020207631422335018
2009,"Forsyth County, NC",64,4,0.19608948388233222,agep,0.022073733336125303
2009,"Forsyth County, NC",64,5,0.2883212964593976,agep,0.020926923308668372
2009,"Forsyth County, NC",150,1,0.21968980849350558,agep,0.02529157137451996
2009,"Forsyth County, NC",150,2,0.30098379021811433,agep,0.02951444499824588
2009,"Forsyth County, NC",150,3,0.23817526170220216,agep,0.023338492497405862
2009,"Forsyth County, NC",150,4,0.1189300843748906,agep,0.018754650232907254
2009,"Forsyth County, NC",150,5,0.12222105521128733,agep,0.019294473094219694
2010,"Forsyth County, NC",24,1,0.5090572251955537,agep,0.08965047314466214
2010,"Forsyth County, NC",24,2,0.3161794977356937,agep,0.0980884154564474
2010,"Forsyth County, NC",24,3,0.14306298888431454,agep,0.059285505215974824
2010,"Forsyth County, NC",24,4,0.03170028818443804,agep,0.018893708236381295
2010,"Forsyth County, NC",44,1,0.1722157260959649,agep,0.020291038474905137
2010,"Forsyth County, NC",44,2,0.17980593677559645,agep,0.021456662179768764
2010,"Forsyth County, NC",44,3,0.2377171928528935,agep,0.024131171319722873
2010,"Forsyth County, NC",44,4,0.22951155968572426,agep,0.023768788336347255
2010,"Forsyth County, NC",44,5,0.1807495845898209,agep,0.01733970981078721
2010,"Forsyth County, NC",64,1,0.148,agep,0.014860464487226473
2010,"Forsyth County, NC",64,2,0.16023529411764706,agep,0.0178498446919931
2010,"Forsyth County, NC",64,3,0.17976470588235294,agep,0.017890574117000485
2010,"Forsyth County, NC",64,4,0.2444524886877828,agep,0.018259553877132552
2010,"Forsyth County, NC",64,5,0.2675475113122172,agep,0.01815363959547484
2010,"Forsyth County, NC",150,1,0.24140792476315606,agep,0.023780826231494665
2010,"Forsyth County, NC",150,2,0.3210358896341885,agep,0.02334550158920226
2010,"Forsyth County, NC",150,3,0.17512620150750294,agep,0.020097037563225964
2010,"Forsyth County, NC",150,4,0.15199502109121085,agep,0.02028807337972677
2010,"Forsyth County, NC",150,5,0.11043496300394164,agep,0.01615978667589404
2011,"Forsyth County, NC",24,1,0.49040867389491244,agep,0.07021429656413167
2011,"Forsyth County, NC",24,2,0.3002502085070892,agep,0.07191580965487392
2011,"Forsyth County, NC",24,3,0.1354462051709758,agep,0.061328544144757795
2011,"Forsyth County, NC",24,4,0.07389491242702252,agep,0.04054719555431602
2011,"Forsyth County, NC",44,1,0.15327237234151855,agep,0.01818512519448891
2011,"Forsyth County, NC",44,2,0.2709750333915545,agep,0.032083218415091035
2011,"Forsyth County, NC",44,3,0.21432240830165417,agep,0.029098943152383535
2011,"Forsyth County, NC",44,4,0.1789581834994349,agep,0.020435994209413007
2011,"Forsyth County, NC",44,5,0.18247200246583786,agep,0.020886626842667615
2011,"Forsyth County, NC",64,1,0.17074906367041198,agep,0.015623204964454643
2011,"Forsyth County, NC",64,2,0.1599438202247191,agep,0.016145226230715466
2011,"Forsyth County, NC",64,3,0.16372659176029963,agep,0.0194160773870204
2011,"Forsyth County, NC",64,4,0.2196441947565543,agep,0.019838655904641657
2011,"Forsyth County, NC",64,5,0.28593632958801496,agep,0.019082867202376196
2011,"Forsyth County, NC",150,1,0.236766058058584,agep,0.02195428191449966
2011,"Forsyth County, NC",150,2,0.2381124392486536,agep,0.023645651118097678
2011,"Forsyth County, NC",150,3,0.2140089320898463,agep,0.02116211175764158
2011,"Forsyth County, NC",150,4,0.16655720478129515,agep,0.017643028504006654
2011,"Forsyth County, NC",150,5,0.1445553658216209,agep,0.02013175988709655
2012,"Forsyth County, NC",24,1,0.49390767118585893,agep,0.08007021803189031
2012,"Forsyth County, NC",24,2,0.21057147760425604,agep,0.06659526413743488
2012,"Forsyth County, NC",24,3,0.2028488072764716,agep,0.06947720529287878
2012,"Forsyth County, NC",24,4,0.09267204393341343,agep,0.0535025202726752
2012,"Forsyth County, NC",44,1,0.23374849337083167,agep,0.023439256256646637
2012,"Forsyth County, NC",44,2,0.20672961028525513,agep,0.022931811784908784
2012,"Forsyth County, NC",44,3,0.19124146243471274,agep,0.018777255513537674
2012,"Forsyth County, NC",44,4,0.1726396143029329,agep,0.018937468345955107
2012,"Forsyth County, NC",44,5,0.19564081960626759,agep,0.019022739973632033
2012,"Forsyth County, NC",64,1,0.17796810933940774,agep,0.01975214347829779
2012,"Forsyth County, NC",64,2,0.1753257403189066,agep,0.0177022677066385
2012,"Forsyth County, NC",64,3,0.1835626423690205,agep,0.020435122966368277
2012,"Forsyth County, NC",64,4,0.18664236902050113,agep,0.02065589265707432
2012,"Forsyth County, NC",64,5,0.276501138952164,agep,0.0180171612904139
2012,"Forsyth County, NC",150,1,0.2571659395702052,agep,0.022328176887801362
2012,"Forsyth County, NC",150,2,0.24268864113750202,agep,0.024963001087764843
2012,"Forsyth County, NC",150,3,0.18988528033608015,agep,0.02194478169340306
2012,"Forsyth County, NC",150,4,0.15033123283244465,agep,0.022495332495576333
2012,"Forsyth County, NC",150,5,0.15992890612376798,agep,0.015819979637261127
2013,"Forsyth County, NC",24,1,0.43300723096554655,agep,0.07284855757000339
2013,"Forsyth County, NC",24,2,0.3676449737700269,agep,0.06620026633292361
2013,"Forsyth County, NC",24,3,0.1036438395009216,agep,0.038089959476242226
2013,"Forsyth County, NC",24,4,0.05217637884588119,agep,0.029172965909538086
2013,"Forsyth County, NC",24,5,0.043527576917623705,agep,0.04503146397540553
2013,"Forsyth County, NC",44,1,0.1641929694922411,agep,0.023855018901438953
2013,"Forsyth County, NC",44,2,0.2424575108202259,agep,0.024255247495408465
2013,"Forsyth County, NC",44,3,0.16833104613110947,agep,0.020473168342997825
2013,"Forsyth County, NC",44,4,0.2464477990077061,agep,0.024968860506113157
2013,"Forsyth County, NC",44,5,0.17857067454871742,agep,0.016675227101807053
2013,"Forsyth County, NC",64,1,0.19316693220038944,agep,0.018432604901384573
2013,"Forsyth County, NC",64,2,0.1544698176668437,agep,0.017417339092035362
2013,"Forsyth County, NC",64,3,0.17426093113825455,agep,0.021632189854858593
2013,"Forsyth County, NC",64,4,0.19215790405381483,agep,0.02292112408357628
2013,"Forsyth County, NC",64,5,0.28594441494069744,agep,0.02004756916997219
2013,"Forsyth County, NC",150,1,0.26993329592918147,agep,0.02354654258071485
2013,"Forsyth County, NC",150,2,0.23642540988716415,agep,0.023015712908384892
2013,"Forsyth County, NC",150,3,0.20057976435384328,agep,0.025275982004905755
2013,"Forsyth County, NC",150,4,0.16863038463936164,agep,0.01725247527954307
2013,"Forsyth County, NC",150,5,0.12443114519044947,agep,0.015371707116835385
2014,"Forsyth County, NC",24,1,0.5361010830324909,agep,0.08735258598508235
2014,"Forsyth County, NC",24,2,0.16756919374247894,agep,0.06536051010501358
2014,"Forsyth County, NC",24,3,0.19554753309265946,agep,0.05207661504593834
2014,"Forsyth County, NC",24,4,0.10078219013237064,agep,0.04046821029487855
2014,"Forsyth County, NC",44,1,0.19974476061337215,agep,0.028729960279274994
2014,"Forsyth County, NC",44,2,0.19226704420825938,agep,0.02589922049595527
2014,"Forsyth County, NC",44,3,0.23294582145207282,agep,0.028287935390898626
2014,"Forsyth County, NC",44,4,0.2323476041396638,agep,0.03143682041193821
2014,"Forsyth County, NC",44,5,0.14269476958663183,agep,0.01659557254577003
2014,"Forsyth County, NC",64,1,0.1709681480548911,agep,0.01949543489014694
2014,"Forsyth County, NC",64,2,0.1653207676120933,agep,0.015983227761743126
2014,"Forsyth County, NC",64,3,0.19147137641409326,agep,0.019309709535610096
2014,"Forsyth County, NC",64,4,0.19585978669448392,agep,0.018654298607749514
2014,"Forsyth County, NC",64,5,0.2763799212244384,agep,0.023436877275884983
2014,"Forsyth County, NC",150,1,0.2504216101068079,agep,0.021743460747077777
2014,"Forsyth County, NC",150,2,0.22861623124944525,agep,0.025103244245580365
2014,"Forsyth County, NC",150,3,0.20509482529068906,agep,0.017501213938511444
2014,"Forsyth County, NC",150,4,0.17124767004940974,agep,0.021657830767498682
2014,"Forsyth County, NC",150,5,0.14461966330364803,agep,0.019133395935179886
2015,"Forsyth County, NC",24,1,0.5455676516329705,agep,0.07779278072106374
2015,"Forsyth County, NC",24,2,0.1744945567651633,agep,0.06460037646367627
2015,"Forsyth County, NC",24,3,0.2228615863141524,agep,0.0565886510975431
2015,"Forsyth County, NC",24,4,0.026749611197511663,agep,0.016480609294145448
2015,"Forsyth County, NC",24,5,0.030326594090202177,agep,0.02558883891034432
2015,"Forsyth County, NC",44,1,0.17730768411410067,agep,0.025189547475224817
2015,"Forsyth County, NC",44,2,0.22042564069789736,agep,0.024979109981943456
2015,"Forsyth County, NC",44,3,0.19944185253829275,agep,0.021073057185986708
2015,"Forsyth County, NC",44,4,0.2363179310197908,agep,0.019767927198245955
2015,"Forsyth County, NC",44,5,0.1665068916299184,agep,0.019455868887083578
2015,"Forsyth County, NC",64,1,0.16881445602244902,agep,0.014905562614791548
2015,"Forsyth County, NC",64,2,0.1699226080895101,agep,0.021593994722394826
2015,"Forsyth County, NC",64,3,0.1878675222077249,agep,0.021145724774291136
2015,"Forsyth County, NC",64,4,0.22595578115784018,agep,0.023809421181946233
2015,"Forsyth County, NC",64,5,0.24743963252247583,agep,0.020221041120451307
2015,"Forsyth County, NC",150,1,0.2511407662505381,agep,0.021437435252589496
2015,"Forsyth County, NC",150,2,0.25395322140909743,agep,0.02342486197972176
2015,"Forsyth County, NC",150,3,0.20760510833692064,agep,0.022113610881187244
2015,"Forsyth County, NC",150,4,0.15755488592337494,agep,0.019788768345528333
2015,"Forsyth County, NC",150,5,0.1297460180800689,agep,0.01606801334995572
2016,"Forsyth County, NC",24,1,0.4467574059247398,agep,0.0848194483603487
2016,"Forsyth County, NC",24,2,0.24579663730984788,agep,0.07777890175206827
2016,"Forsyth County, NC",24,3,0.23298638911128902,agep,0.0788879843820305
2016,"Forsyth County, NC",24,4,0.048638911128903124,agep,0.020047249738919852
2016,"Forsyth County, NC",24,5,0.025820656525220177,agep,0.02559489598199947
2016,"Forsyth County, NC",44,1,0.2161641541038526,agep,0.02451671606112276
2016,"Forsyth County, NC",44,2,0.23986599664991626,agep,0.025892127377713882
2016,"Forsyth County, NC",44,3,0.2024497487437186,agep,0.025944799049405713
2016,"Forsyth County, NC",44,4,0.1807788944723618,agep,0.02085533610589574
2016,"Forsyth County, NC",44,5,0.16074120603015074,agep,0.01782647546125067
2016,"Forsyth County, NC",64,1,0.18498874679414484,agep,0.01911302329956685
2016,"Forsyth County, NC",64,2,0.15637594430971613,agep,0.016671436294640837
2016,"Forsyth County, NC",64,3,0.17759129054207304,agep,0.022488972135701595
2016,"Forsyth County, NC",64,4,0.20491302754854582,agep,0.019452999069656994
2016,"Forsyth County, NC",64,5,0.27613099080552017,agep,0.015401914161886666
2016,"Forsyth County, NC",150,1,0.2727348180937889,agep,0.025154922056322464
2016,"Forsyth County, NC",150,2,0.19917000968322035,agep,0.022721707403796868
2016,"Forsyth County, NC",150,3,0.19795269055194356,agep,0.020412345858346833
2016,"Forsyth County, NC",150,4,0.20193664407248582,agep,0.026282637700979824
2016,"Forsyth County, NC",150,5,0.12820583759856136,agep,0.016210956126011093
2017,"Durham County, NC",24,1,0.4223425477343973,agep,0.10744509322871174
2017,"Durham County, NC",24,2,0.31347962382445144,agep,0.09234212854764015
2017,"Durham County, NC",24,3,0.14049586776859505,agep,0.05561525167190798
2017,"Durham County, NC",24,4,0.11641493302935309,agep,0.0657926441202557
2017,"Durham County, NC",24,5,0.007267027643203192,agep,0.00739723465374297
2017,"Durham County, NC",44,1,0.13878150610793258,agep,0.019969373239346742
2017,"Durham County, NC",44,2,0.22665068810886035,agep,0.026558663199676775
2017,"Durham County, NC",44,3,0.17877300139168084,agep,0.02260168794932049
2017,"Durham County, NC",44,4,0.23898252667388278,agep,0.026339583884528377
2017,"Durham County, NC",44,5,0.21681227771764341,agep,0.022488334475850663
2017,"Durham County, NC",64,1,0.16283824137455782,agep,0.023393241014452254
2017,"Durham County, NC",64,2,0.16786879220838885,agep,0.02278268904601523
2017,"Durham County, NC",64,3,0.12167501263380347,agep,0.016887352644222715
2017,"Durham County, NC",64,4,0.18300638581338724,agep,0.02242840206359668
2017,"Durham County, NC",64,5,0.36461156796986266,agep,0.029270814095714245
2017,"Durham County, NC",150,1,0.22799949641193504,agep,0.037757455916300926
2017,"Durham County, NC",150,2,0.17936128247093877,agep,0.031523951892591204
2017,"Durham County, NC",150,3,0.23949809056192034,agep,0.027521422036231667
2017,"Durham County, NC",150,4,0.16706534055142894,agep,0.027218010159025845
2017,"Durham County, NC",150,5,0.18607579000377691,agep,0.027723038960204012
2017,"Forsyth County, NC",24,1,0.48563640176137557,agep,0.08842196255936731
2017,"Forsyth County, NC",24,2,0.27993289997903126,agep,0.07909351382546947
2017,"Forsyth County, NC",24,3,0.10421472006710002,agep,0.04938392673197658
2017,"Forsyth County, NC",24,4,0.1302159781924932,agep,0.07036078663075414
2017,"Forsyth County, NC",44,1,0.19977692663832652,agep,0.022667841625715363
2017,"Forsyth County, NC",44,2,0.23578433435750662,agep,0.026862456247320046
2017,"Forsyth County, NC",44,3,0.20415421524474936,agep,0.025174578868150933
2017,"Forsyth County, NC",44,4,0.1854034260701208,agep,0.018990778942562434
2017,"Forsyth County, NC",44,5,0.1748810976892967,agep,0.017281445301161498
2017,"Forsyth County, NC",64,1,0.17289232625747353,agep,0.01933393105307638
2017,"Forsyth County, NC",64,2,0.18349697401861298,agep,0.017283295365380758
2017,"Forsyth County, NC",64,3,0.16963779642733073,agep,0.019204969667392234
2017,"Forsyth County, NC",64,4,0.20975261916515825,agep,0.02009498083778298
2017,"Forsyth County, NC",64,5,0.2642202841314245,agep,0.019845664970355878
2017,"Forsyth County, NC",150,1,0.2944140894382261,agep,0.020779963420970736
2017,"Forsyth County, NC",150,2,0.2507294042756352,agep,0.026322330972257585
2017,"Forsyth County, NC",150,3,0.14991247148692377,agep,0.01885945074849111
2017,"Forsyth County, NC",150,4,0.17190069492334625,agep,0.019445474927384233
2017,"Forsyth County, NC",150,5,0.13304333987586867,agep,0.01528376400213129
2017,"Guilford County, NC",24,1,0.3517453011123897,agep,0.06916009173636295
2017,"Guilford County, NC",24,2,0.3361462728551336,agep,0.06497979654698266
2017,"Guilford County, NC",24,3,0.23692622426799642,agep,0.06028380097707115
2017,"Guilford County, NC",24,4,0.057665260196905765,agep,0.03840010221727188
2017,"Guilford County, NC",24,5,0.017516941567574478,agep,0.020281229076270692
2017,"Guilford County, NC",44,1,0.19240468551816758,agep,0.01918427222006461
2017,"Guilford County, NC",44,2,0.2283220174587779,agep,0.021700757387299777
2017,"Guilford County, NC",44,3,0.19907483399238976,agep,0.01901404330768646
2017,"Guilford County, NC",44,4,0.21913004551219875,agep,0.021518565260532172
2017,"Guilford County, NC",44,5,0.161068417518466,agep,0.016696895007421976
2017,"Guilford County, NC",64,1,0.1668391167192429,agep,0.016769047311635737
2017,"Guilford County, NC",64,2,0.1827634069400631,agep,0.017983041508548216
2017,"Guilford County, NC",64,3,0.2008328075709779,agep,0.01787434737306157
2017,"Guilford County, NC",64,4,0.19523028391167194,agep,0.016149764064934746
2017,"Guilford County, NC",64,5,0.25433438485804416,agep,0.014240915512007502
2017,"Guilford County, NC",150,1,0.24339787836214444,agep,0.019862738943050545
2017,"Guilford County, NC",150,2,0.2661820699203877,agep,0.02011690943215962
2017,"Guilford County, NC",150,3,0.17640950461181357,agep,0.019827682936086707
2017,"Guilford County, NC",150,4,0.1773053977561949,agep,0.016159746282875382
2017,"Guilford County, NC",150,5,0.1367051493494594,agep,0.013413466837568081
2006,"Forsyth County, NC",1,1,0.127413215417227,rac1p,0.011654846454737437
2006,"Forsyth County, NC",1,2,0.15591593918811114,rac1p,0.011937713801110753
2006,"Forsyth County, NC",1,3,0.21220340528343173,rac1p,0.014171257159891221
2006,"Forsyth County, NC",1,4,0.21381031613976706,rac1p,0.015769061617663577
2006,"Forsyth County, NC",1,5,0.2906571239714631,rac1p,0.01655244444155754
2006,"Forsyth County, NC",2,1,0.3294986679583434,rac1p,0.02993474483417493
2006,"Forsyth County, NC",2,2,0.2099782029547106,rac1p,0.025950370187235738
2006,"Forsyth County, NC",2,3,0.24939452651973842,rac1p,0.027197009027234178
2006,"Forsyth County, NC",2,4,0.11967183337369823,rac1p,0.019359043334680814
2006,"Forsyth County, NC",2,5,0.09145676919350933,rac1p,0.016708536147964238
2006,"Forsyth County, NC",3,1,0.27574406305091775,rac1p,0.06642296836791117
2006,"Forsyth County, NC",3,2,0.2673441874935186,rac1p,0.06077333537178888
2006,"Forsyth County, NC",3,3,0.3130768433060251,rac1p,0.06607176106538273
2006,"Forsyth County, NC",3,4,0.09115420512288706,rac1p,0.033549520192354
2006,"Forsyth County, NC",3,5,0.052680701026651455,rac1p,0.026508762638475583
2006,"Forsyth County, NC",4,1,0.248103186646434,rac1p,0.10499794277875742
2006,"Forsyth County, NC",4,2,0.125948406676783,rac1p,0.056775109506037015
2006,"Forsyth County, NC",4,3,0.19347496206373294,rac1p,0.09100560858976961
2006,"Forsyth County, NC",4,4,0.19878603945371776,rac1p,0.07722847210796575
2006,"Forsyth County, NC",4,5,0.2336874051593323,rac1p,0.08238037310009824
2007,"Forsyth County, NC",1,1,0.13730490666122616,rac1p,0.01309527261936729
2007,"Forsyth County, NC",1,2,0.1519716186654879,rac1p,0.020532105408278777
2007,"Forsyth County, NC",1,3,0.19537103154363178,rac1p,0.019166072330794016
2007,"Forsyth County, NC",1,4,0.21032110351706393,rac1p,0.012701396517526846
2007,"Forsyth County, NC",1,5,0.30503133961259027,rac1p,0.014909371926463945
2007,"Forsyth County, NC",2,1,0.2827937176449943,rac1p,0.031694054782079054
2007,"Forsyth County, NC",2,2,0.32230703986429177,rac1p,0.03358567240925684
2007,"Forsyth County, NC",2,3,0.1498639992980609,rac1p,0.028969614393763162
2007,"Forsyth County, NC",2,4,0.1361176917902372,rac1p,0.021401613238125054
2007,"Forsyth County, NC",2,5,0.10891755140241584,rac1p,0.021309056665939984
2007,"Forsyth County, NC",3,1,0.23923733065730055,rac1p,0.05916738540652557
2007,"Forsyth County, NC",3,2,0.3180130456598093,rac1p,0.07130230181861866
2007,"Forsyth County, NC",3,3,0.13286502759658805,rac1p,0.05424130078805673
2007,"Forsyth County, NC",3,4,0.248469643753136,rac1p,0.054285041646543825
2007,"Forsyth County, NC",3,5,0.06141495233316608,rac1p,0.032462019882938294
2007,"Forsyth County, NC",4,1,0.3110198926428797,rac1p,0.09585660158324875
2007,"Forsyth County, NC",4,2,0.11114619513735396,rac1p,0.05926150774782396
2007,"Forsyth County, NC",4,3,0.18755920429428483,rac1p,0.09000396290317723
2007,"Forsyth County, NC",4,4,0.2548152826018314,rac1p,0.09101311397238762
2007,"Forsyth County, NC",4,5,0.13545942532365013,rac1p,0.06075089891471651
2008,"Forsyth County, NC",1,1,0.1275953062714053,rac1p,0.012137010993551774
2008,"Forsyth County, NC",1,2,0.18003480994890797,rac1p,0.01286288681116333
2008,"Forsyth County, NC",1,3,0.18594127224748752,rac1p,0.0130720360318877
2008,"Forsyth County, NC",1,4,0.2308797933861097,rac1p,0.015083544593529525
2008,"Forsyth County, NC",1,5,0.2755488181460895,rac1p,0.015093305212131982
2008,"Forsyth County, NC",2,1,0.30580499391692256,rac1p,0.02722311447653703
2008,"Forsyth County, NC",2,2,0.25068072533456925,rac1p,0.027545196689738725
2008,"Forsyth County, NC",2,3,0.24013672440762412,rac1p,0.02900713168680069
2008,"Forsyth County, NC",2,4,0.0993569318115984,rac1p,0.01547053878154903
2008,"Forsyth County, NC",2,5,0.10402062452928568,rac1p,0.02051701449131783
2008,"Forsyth County, NC",3,1,0.1309164149043303,rac1p,0.062309307315442125
2008,"Forsyth County, NC",3,2,0.42542240125321695,rac1p,0.08343673044442822
2008,"Forsyth County, NC",3,3,0.23564954682779457,rac1p,0.06417926398773138
2008,"Forsyth County, NC",3,4,0.16828913505650667,rac1p,0.05577392143763934
2008,"Forsyth County, NC",3,5,0.0397225019581515,rac1p,0.021227987096557967
2008,"Forsyth County, NC",4,1,0.27635683094198377,rac1p,0.08885939355926258
2008,"Forsyth County, NC",4,2,0.16905801621958827,rac1p,0.077296849435781
2008,"Forsyth County, NC",4,3,0.14098565190268247,rac1p,0.06395546733377908
2008,"Forsyth County, NC",4,4,0.2255146600124766,rac1p,0.06761590697207392
2008,"Forsyth County, NC",4,5,0.18808484092326888,rac1p,0.07200350025880141
2009,"Forsyth County, NC",1,1,0.14787359400107122,rac1p,0.014790665380176503
2009,"Forsyth County, NC",1,2,0.18524906266738084,rac1p,0.014490477479347398
2009,"Forsyth County, NC",1,3,0.2176111408677022,rac1p,0.018208219498330812
2009,"Forsyth County, NC",1,4,0.19152651312265667,rac1p,0.018038171333154517
2009,"Forsyth County, NC",1,5,0.25773968934118907,rac1p,0.014985731935577647
2009,"Forsyth County, NC",2,1,0.2745473845609483,rac1p,0.02918283475616325
2009,"Forsyth County, NC",2,2,0.21065046883293034,rac1p,0.025091662558145898
2009,"Forsyth County, NC",2,3,0.2519313557822728,rac1p,0.04126731165560338
2009,"Forsyth County, NC",2,4,0.16131980892846612,rac1p,0.037398074039048004
2009,"Forsyth County, NC",2,5,0.10155098189538243,rac1p,0.018185897199685372
2009,"Forsyth County, NC",3,1,0.30971545176283866,rac1p,0.06698425117270664
2009,"Forsyth County, NC",3,2,0.3006461852397687,rac1p,0.06894773511758916
2009,"Forsyth County, NC",3,3,0.21584854324906474,rac1p,0.05114891171343135
2009,"Forsyth County, NC",3,4,0.11007822242376147,rac1p,0.04534017925658694
2009,"Forsyth County, NC",3,5,0.06371159732456638,rac1p,0.026215025596285933
2009,"Forsyth County, NC",4,1,0.1413839891451832,rac1p,0.06237413851767433
2009,"Forsyth County, NC",4,2,0.2265943012211669,rac1p,0.08069716987300303
2009,"Forsyth County, NC",4,3,0.14436906377204883,rac1p,0.05465594270774577
2009,"Forsyth County, NC",4,4,0.2876526458616011,rac1p,0.08309982962773282
2009,"Forsyth County, NC",4,5,0.2,rac1p,0.07029782102821627
2010,"Forsyth County, NC",1,1,0.1527083705157951,rac1p,0.01176601643318947
2010,"Forsyth County, NC",1,2,0.18909512761020883,rac1p,0.015559623170232977
2010,"Forsyth County, NC",1,3,0.20049527039086204,rac1p,0.014932967394110827
2010,"Forsyth County, NC",1,4,0.21548723897911834,rac1p,0.013567657859878544
2010,"Forsyth County, NC",1,5,0.2422139925040157,rac1p,0.01191437361653706
2010,"Forsyth County, NC",2,1,0.2624248728617661,rac1p,0.025110220719548403
2010,"Forsyth County, NC",2,2,0.23572584373555247,rac1p,0.023083529049105628
2010,"Forsyth County, NC",2,3,0.19848012020342118,rac1p,0.025641583567134935
2010,"Forsyth County, NC",2,4,0.2074375866851595,rac1p,0.028301669083146668
2010,"Forsyth County, NC",2,5,0.09593157651410078,rac1p,0.021728618729175597
2010,"Forsyth County, NC",3,1,0.2575643372456121,rac1p,0.06443803744947732
2010,"Forsyth County, NC",3,2,0.30052761925271887,rac1p,0.0603551526421814
2010,"Forsyth County, NC",3,3,0.1840206740605147,rac1p,0.0486347713919086
2010,"Forsyth County, NC",3,4,0.19037364057284376,rac1p,0.050517137932717344
2010,"Forsyth County, NC",3,5,0.06751372886831054,rac1p,0.024534186720567504
2010,"Forsyth County, NC",4,1,0.2038261691072272,rac1p,0.06624044099950632
2010,"Forsyth County, NC",4,2,0.12706660368445913,rac1p,0.046836905356018456
2010,"Forsyth County, NC",4,3,0.17194142654700048,rac1p,0.06760402605594554
2010,"Forsyth County, NC",4,4,0.2312234293811998,rac1p,0.07625193372746698
2010,"Forsyth County, NC",4,5,0.2659423712801134,rac1p,0.08413940291841421
2011,"Forsyth County, NC",1,1,0.12297636665321315,rac1p,0.009051249029446182
2011,"Forsyth County, NC",1,2,0.1833826628996816,rac1p,0.01494290537723006
2011,"Forsyth County, NC",1,3,0.1936521817121844,rac1p,0.013982306527300974
2011,"Forsyth County, NC",1,4,0.231725637920983,rac1p,0.013816753016973028
2011,"Forsyth County, NC",1,5,0.26826315081393787,rac1p,0.013625854804331433
2011,"Forsyth County, NC",2,1,0.37649391419287326,rac1p,0.026510744036779152
2011,"Forsyth County, NC",2,2,0.2652695929944374,rac1p,0.02591239906159516
2011,"Forsyth County, NC",2,3,0.1654182959740045,rac1p,0.024107816576705285
2011,"Forsyth County, NC",2,4,0.10497328853885554,rac1p,0.016124547192871486
2011,"Forsyth County, NC",2,5,0.08784490829982927,rac1p,0.017149255628209056
2011,"Forsyth County, NC",3,1,0.16065073716319267,rac1p,0.04759457654372248
2011,"Forsyth County, NC",3,2,0.44504321301474326,rac1p,0.0790063812213795
2011,"Forsyth County, NC",3,3,0.2635485510930351,rac1p,0.06287612367033568
2011,"Forsyth County, NC",3,4,0.08764616166751397,rac1p,0.02981050141465394
2011,"Forsyth County, NC",3,5,0.043111337061514994,rac1p,0.020826357160548377
2011,"Forsyth County, NC",4,1,0.15977265550994632,rac1p,0.06181511069951392
2011,"Forsyth County, NC",4,2,0.13009156930849383,rac1p,0.06239177155000333
2011,"Forsyth County, NC",4,3,0.19892642879696873,rac1p,0.06561639575972505
2011,"Forsyth County, NC",4,4,0.19261130407325544,rac1p,0.07327227701856705
2011,"Forsyth County, NC",4,5,0.31859804231133565,rac1p,0.09104086782716991
2012,"Forsyth County, NC",1,1,0.14970416194186528,rac1p,0.012403430360551833
2012,"Forsyth County, NC",1,2,0.17770492539491856,rac1p,0.015081630277253465
2012,"Forsyth County, NC",1,3,0.19889074762262965,rac1p,0.015489382793749453
2012,"Forsyth County, NC",1,4,0.19852024834678733,rac1p,0.013902251117454521
2012,"Forsyth County, NC",1,5,0.2751799166937992,rac1p,0.014237235009336194
2012,"Forsyth County, NC",2,1,0.3749142308220118,rac1p,0.027857110200548988
2012,"Forsyth County, NC",2,2,0.21026485522162755,rac1p,0.028735096029449885
2012,"Forsyth County, NC",2,3,0.1754905996980925,rac1p,0.022730873755618074
2012,"Forsyth County, NC",2,4,0.13569370111156856,rac1p,0.02050491351632853
2012,"Forsyth County, NC",2,5,0.1036366131466996,rac1p,0.02056415817220294
2012,"Forsyth County, NC",3,1,0.35823737419530327,rac1p,0.07200109063852722
2012,"Forsyth County, NC",3,2,0.33130836884577025,rac1p,0.05972191669458968
2012,"Forsyth County, NC",3,3,0.18823102729168556,rac1p,0.053275365576966806
2012,"Forsyth County, NC",3,4,0.07362408196572671,rac1p,0.031972826610459554
2012,"Forsyth County, NC",3,5,0.04859914770151419,rac1p,0.020745779580556362
2012,"Forsyth County, NC",4,1,0.2642010625255415,rac1p,0.09913846991536264
2012,"Forsyth County, NC",4,2,0.3077237433592154,rac1p,0.10876571748482614
2012,"Forsyth County, NC",4,3,0.09521863506334287,rac1p,0.05208510463515648
2012,"Forsyth County, NC",4,4,0.12055578259092767,rac1p,0.04830069717368145
2012,"Forsyth County, NC",4,5,0.21230077646097262,rac1p,0.06861292413969441
2013,"Forsyth County, NC",1,1,0.1630060508808879,rac1p,0.011062050279335954
2013,"Forsyth County, NC",1,2,0.15539509020604197,rac1p,0.01368387812561445
2013,"Forsyth County, NC",1,3,0.18593922374887173,rac1p,0.016526133045827594
2013,"Forsyth County, NC",1,4,0.23797902807029273,rac1p,0.017221897957474218
2013,"Forsyth County, NC",1,5,0.25768060709390567,rac1p,0.013366848673473729
2013,"Forsyth County, NC",2,1,0.3171535423804169,rac1p,0.03111965979816674
2013,"Forsyth County, NC",2,2,0.31757198524988883,rac1p,0.03135847242095231
2013,"Forsyth County, NC",2,3,0.15529460993278763,rac1p,0.025956149693677173
2013,"Forsyth County, NC",2,4,0.12270837147265737,rac1p,0.02351331250775087
2013,"Forsyth County, NC",2,5,0.08727149096424928,rac1p,0.017064576563307152
2013,"Forsyth County, NC",3,1,0.2834930392334117,rac1p,0.060832088896390156
2013,"Forsyth County, NC",3,2,0.32290725004519977,rac1p,0.044824265148175266
2013,"Forsyth County, NC",3,3,0.13804013740734045,rac1p,0.0486253311586055
2013,"Forsyth County, NC",3,4,0.140842523955885,rac1p,0.049241701228497615
2013,"Forsyth County, NC",3,5,0.11471704935816308,rac1p,0.04254115036490247
2013,"Forsyth County, NC",4,1,0.12955465587044535,rac1p,0.055658142268968896
2013,"Forsyth County, NC",4,2,0.18421052631578946,rac1p,0.08305875581821623
2013,"Forsyth County, NC",4,3,0.21052631578947367,rac1p,0.08171633092995037
2013,"Forsyth County, NC",4,4,0.1771255060728745,rac1p,0.050766291557299455
2013,"Forsyth County, NC",4,5,0.298582995951417,rac1p,0.08642287963213663
2014,"Forsyth County, NC",1,1,0.15896952227544403,rac1p,0.013007510537522167
2014,"Forsyth County, NC",1,2,0.17266118434996397,rac1p,0.01224090559007307
2014,"Forsyth County, NC",1,3,0.20992115637319317,rac1p,0.01347557023846636
2014,"Forsyth County, NC",1,4,0.2211966427875037,rac1p,0.014542475429984344
2014,"Forsyth County, NC",1,5,0.23725149421389513,rac1p,0.014365574655263441
2014,"Forsyth County, NC",2,1,0.319128180830012,rac1p,0.03138239709502132
2014,"Forsyth County, NC",2,2,0.23947155717829371,rac1p,0.031767356618865934
2014,"Forsyth County, NC",2,3,0.1912539368432788,rac1p,0.02688557157307206
2014,"Forsyth County, NC",2,4,0.15084032442375764,rac1p,0.027511886436181965
2014,"Forsyth County, NC",2,5,0.09930600072465788,rac1p,0.019554303643590613
2014,"Forsyth County, NC",3,1,0.3552032075815564,rac1p,0.07485435292163678
2014,"Forsyth County, NC",3,2,0.2244395844723893,rac1p,0.0634550096588891
2014,"Forsyth County, NC",3,3,0.23227628941133588,rac1p,0.05579038447118464
2014,"Forsyth County, NC",3,4,0.13167486786950974,rac1p,0.04392241008569966
2014,"Forsyth County, NC",3,5,0.05640605066520867,rac1p,0.02411293595979182
2014,"Forsyth County, NC",4,1,0.24136546184738955,rac1p,0.08674403325615822
2014,"Forsyth County, NC",4,2,0.06566265060240964,rac1p,0.04586388905624075
2014,"Forsyth County, NC",4,3,0.26907630522088355,rac1p,0.0905392849486343
2014,"Forsyth County, NC",4,4,0.25502008032128515,rac1p,0.08288328993950056
2014,"Forsyth County, NC",4,5,0.16887550200803214,rac1p,0.06322403646406534
2015,"Forsyth County, NC",1,1,0.15934241035615776,rac1p,0.010884448805236589
2015,"Forsyth County, NC",1,2,0.17299091198804384,rac1p,0.013499466688737185
2015,"Forsyth County, NC",1,3,0.2113429817910087,rac1p,0.01610346130455887
2015,"Forsyth County, NC",1,4,0.22093649380762426,rac1p,0.015922649337716737
2015,"Forsyth County, NC",1,5,0.23538720205716546,rac1p,0.012525550016041286
2015,"Forsyth County, NC",2,1,0.2915181365479333,rac1p,0.026941585745660575
2015,"Forsyth County, NC",2,2,0.26259217937903073,rac1p,0.03035096737240154
2015,"Forsyth County, NC",2,3,0.15771857737625514,rac1p,0.026590979442415848
2015,"Forsyth County, NC",2,4,0.19845437971101254,rac1p,0.026039758718368767
2015,"Forsyth County, NC",2,5,0.08971672698576832,rac1p,0.018752105844532324
2015,"Forsyth County, NC",3,1,0.3224796493425172,rac1p,0.05968366087791419
2015,"Forsyth County, NC",3,2,0.2910814920833706,rac1p,0.05985974220344923
2015,"Forsyth County, NC",3,3,0.2185347526612398,rac1p,0.05545757905822977
2015,"Forsyth County, NC",3,4,0.08417568655514805,rac1p,0.029378017929504664
2015,"Forsyth County, NC",3,5,0.0837284193577243,rac1p,0.03185307313408608
2015,"Forsyth County, NC",4,1,0.23081328751431845,rac1p,0.06879988630019399
2015,"Forsyth County, NC",4,2,0.22508591065292097,rac1p,0.07653482894064431
2015,"Forsyth County, NC",4,3,0.20408552882779687,rac1p,0.06608710372845783
2015,"Forsyth County, NC",4,4,0.20198549064528445,rac1p,0.08078219841528972
2015,"Forsyth County, NC",4,5,0.13802978235967928,rac1p,0.054860458405495846
2016,"Forsyth County, NC",1,1,0.15752342617239065,rac1p,0.012736193888741941
2016,"Forsyth County, NC",1,2,0.17762773485684608,rac1p,0.015218717434601764
2016,"Forsyth County, NC",1,3,0.1970828193641931,rac1p,0.014508239768712359
2016,"Forsyth County, NC",1,4,0.22124477915557575,rac1p,0.012956193240515314
2016,"Forsyth County, NC",1,5,0.24652124045099438,rac1p,0.011565150692741444
2016,"Forsyth County, NC",2,1,0.3922302704755704,rac1p,0.031013499616013115
2016,"Forsyth County, NC",2,2,0.23691706681858876,rac1p,0.029376539684297525
2016,"Forsyth County, NC",2,3,0.17736903502346654,rac1p,0.02728492388994087
2016,"Forsyth County, NC",2,4,0.13279618024470308,rac1p,0.02493816568693508
2016,"Forsyth County, NC",2,5,0.06068744743767125,rac1p,0.0140575983369435
2016,"Forsyth County, NC",3,1,0.24082549002676798,rac1p,0.05292927028186689
2016,"Forsyth County, NC",3,2,0.24462481650980053,rac1p,0.052071264423476496
2016,"Forsyth County, NC",3,3,0.22649166738623608,rac1p,0.06189076035108562
2016,"Forsyth County, NC",3,4,0.1611259822122442,rac1p,0.04780223466594293
2016,"Forsyth County, NC",3,5,0.12693204386495122,rac1p,0.04882700179906079
2016,"Forsyth County, NC",4,1,0.22620380739081747,rac1p,0.08310831868716428
2016,"Forsyth County, NC",4,2,0.1612541993281075,rac1p,0.07447332007875035
2016,"Forsyth County, NC",4,3,0.14781634938409854,rac1p,0.06762412108725037
2016,"Forsyth County, NC",4,4,0.13307204180664428,rac1p,0.05433525737300476
2016,"Forsyth County, NC",4,5,0.33165360209033223,rac1p,0.09183591848585637
2017,"Durham County, NC",1,1,0.09536262784422161,rac1p,0.011637822342940515
2017,"Durham County, NC",1,2,0.11396875104107672,rac1p,0.012219953937844488
2017,"Durham County, NC",1,3,0.20661625079121831,rac1p,0.017549609134296314
2017,"Durham County, NC",1,4,0.2402138788020122,rac1p,0.02018994652376551
2017,"Durham County, NC",1,5,0.34383849152147117,rac1p,0.01817565657050072
2017,"Durham County, NC",2,1,0.26059746328437916,rac1p,0.029822552615281526
2017,"Durham County, NC",2,2,0.30430156875834447,rac1p,0.028755563034202063
2017,"Durham County, NC",2,3,0.126293391188251,rac1p,0.01822169494190315
2017,"Durham County, NC",2,4,0.15739736315086783,rac1p,0.023791069444135983
2017,"Durham County, NC",2,5,0.15141021361815754,rac1p,0.022556780694727455
2017,"Durham County, NC",3,1,0.2268041237113402,rac1p,0.05386274932459865
2017,"Durham County, NC",3,2,0.29661266568483063,rac1p,0.06658145141056285
2017,"Durham County, NC",3,3,0.18321060382916052,rac1p,0.05456625315892696
2017,"Durham County, NC",3,4,0.16121747668139422,rac1p,0.06216160934235629
2017,"Durham County, NC",3,5,0.13215513009327443,rac1p,0.05144082870576007
2017,"Durham County, NC",4,1,0.2686510926902788,rac1p,0.05267334349875763
2017,"Durham County, NC",4,2,0.1328811856317508,rac1p,0.04689133943030119
2017,"Durham County, NC",4,3,0.11492087415222306,rac1p,0.04646099575086288
2017,"Durham County, NC",4,4,0.19103240391861342,rac1p,0.06777366310827623
2017,"Durham County, NC",4,5,0.2925144436071339,rac1p,0.07106510304741984
2017,"Forsyth County, NC",1,1,0.17532432167481782,rac1p,0.011856486054916866
2017,"Forsyth County, NC",1,2,0.17658784188569498,rac1p,0.012355662126720953
2017,"Forsyth County, NC",1,3,0.16763427625344474,rac1p,0.014160977098237012
2017,"Forsyth County, NC",1,4,0.22160619560599953,rac1p,0.013023677803646775
2017,"Forsyth County, NC",1,5,0.2588473645800429,rac1p,0.01464569027625785
2017,"Forsyth County, NC",2,1,0.31499775482712167,rac1p,0.02809435491712359
2017,"Forsyth County, NC",2,2,0.3052873821284239,rac1p,0.031098189131574965
2017,"Forsyth County, NC",2,3,0.19162550516389762,rac1p,0.027559726998470372
2017,"Forsyth County, NC",2,4,0.1315671306690615,rac1p,0.023001206459530753
2017,"Forsyth County, NC",2,5,0.05652222721149529,rac1p,0.014850603655466216
2017,"Forsyth County, NC",3,1,0.3047274443483049,rac1p,0.05792380325148917
2017,"Forsyth County, NC",3,2,0.32392039644458426,rac1p,0.058807705619145244
2017,"Forsyth County, NC",3,3,0.15346495713049635,rac1p,0.04650968510980582
2017,"Forsyth County, NC",3,4,0.13128293872414065,rac1p,0.044089262571299394
2017,"Forsyth County, NC",3,5,0.08660426335247384,rac1p,0.028736093660704225
2017,"Forsyth County, NC",4,1,0.2584988962472406,rac1p,0.07708044358820351
2017,"Forsyth County, NC",4,2,0.18101545253863136,rac1p,0.0628922330674272
2017,"Forsyth County, NC",4,3,0.21169977924944813,rac1p,0.09371473555738055
2017,"Forsyth County, NC",4,4,0.15055187637969095,rac1p,0.047328976000194485
2017,"Forsyth County, NC",4,5,0.19823399558498897,rac1p,0.06768382118564142
2017,"Guilford County, NC",1,1,0.14098151359091812,rac1p,0.012168412153579554
2017,"Guilford County, NC",1,2,0.19625958610456942,rac1p,0.014203907330155738
2017,"Guilford County, NC",1,3,0.20543809252693598,rac1p,0.016728401581924335
2017,"Guilford County, NC",1,4,0.19664777481604168,rac1p,0.012654016154850919
2017,"Guilford County, NC",1,5,0.2606730329615348,rac1p,0.01287894261532593
2017,"Guilford County, NC",2,1,0.31046238425037237,rac1p,0.024513676610192034
2017,"Guilford County, NC",2,2,0.24740859042675717,rac1p,0.022554088862889905
2017,"Guilford County, NC",2,3,0.1925398117292956,rac1p,0.02049954299001545
2017,"Guilford County, NC",2,4,0.17782828360386368,rac1p,0.02076754251586056
2017,"Guilford County, NC",2,5,0.07176092998971115,rac1p,0.01124538758708259
2017,"Guilford County, NC",3,1,0.24529557118418552,rac1p,0.050570873580667246
2017,"Guilford County, NC",3,2,0.27010074130393463,rac1p,0.05508205176767366
2017,"Guilford County, NC",3,3,0.18798707470062725,rac1p,0.049604388023294865
2017,"Guilford County, NC",3,4,0.22286637521383768,rac1p,0.0530703439255874
2017,"Guilford County, NC",3,5,0.07375023759741493,rac1p,0.029997924948605106
2017,"Guilford County, NC",4,1,0.14439192092823377,rac1p,0.04215441620765247
2017,"Guilford County, NC",4,2,0.32513966480446926,rac1p,0.0698439630432552
2017,"Guilford County, NC",4,3,0.12402234636871508,rac1p,0.03186833152959515
2017,"Guilford County, NC",4,4,0.22303394929093254,rac1p,0.05032572279805875
2017,"Guilford County, NC",4,5,0.18341211860764933,rac1p,0.03692164229805573
2006,"Forsyth County, NC",1,1,0.19072277294693252,total,0.011779019157057168
2006,"Forsyth County, NC",1,2,0.17681895728898142,total,0.011688516833084526
2006,"Forsyth County, NC",1,3,0.22837580886387038,total,0.013541102349553307
2006,"Forsyth County, NC",1,4,0.18125314714746313,total,0.011466036110368933
2006,"Forsyth County, NC",1,5,0.22282931375275258,total,0.0120059304390008
2007,"Forsyth County, NC",1,1,0.18555514570269274,total,0.013357773030427516
2007,"Forsyth County, NC",1,2,0.20618959793434158,total,0.017774466703551286
2007,"Forsyth County, NC",1,3,0.17911471781630395,total,0.015626746553799517
2007,"Forsyth County, NC",1,4,0.19544817410549611,total,0.010432956622669881
2007,"Forsyth County, NC",1,5,0.23369236444116562,total,0.011537414924295473
2008,"Forsyth County, NC",1,1,0.176657824933687,total,0.01257379832014006
2008,"Forsyth County, NC",1,2,0.21390362511052166,total,0.01276812448061647
2008,"Forsyth County, NC",1,3,0.2019378131447097,total,0.013427482020559652
2008,"Forsyth County, NC",1,4,0.19317712938402593,total,0.011938895757398866
2008,"Forsyth County, NC",1,5,0.2143236074270557,total,0.011388056383288282
2009,"Forsyth County, NC",1,1,0.18865278672104172,total,0.011999847253121955
2009,"Forsyth County, NC",1,2,0.19978536166559346,total,0.013223951057245805
2009,"Forsyth County, NC",1,3,0.22389640123059312,total,0.018762609791959692
2009,"Forsyth County, NC",1,4,0.18159118551906703,total,0.01870495304993999
2009,"Forsyth County, NC",1,5,0.20607426486370467,total,0.012036272440507511
2010,"Forsyth County, NC",1,1,0.18890671157014596,total,0.010625830562292013
2010,"Forsyth County, NC",1,2,0.20641326201035007,total,0.012933595040950253
2010,"Forsyth County, NC",1,3,0.19800111774824536,total,0.012504571450216308
2010,"Forsyth County, NC",1,4,0.21225603692924072,total,0.012064513661143432
2010,"Forsyth County, NC",1,5,0.1944228717420179,total,0.008941171335099361
2011,"Forsyth County, NC",1,1,0.192958010858265,total,0.009922690290931445
2011,"Forsyth County, NC",1,2,0.22221179392399215,total,0.013298744204843243
2011,"Forsyth County, NC",1,3,0.19133360286473375,total,0.012327604031730563
2011,"Forsyth County, NC",1,4,0.1873700473605175,total,0.01088319205788105
2011,"Forsyth County, NC",1,5,0.2061265449924916,total,0.01041997577044017
2012,"Forsyth County, NC",1,1,0.227947987300869,total,0.011581219821167612
2012,"Forsyth County, NC",1,2,0.20257093765688305,total,0.012432555360654065
2012,"Forsyth County, NC",1,3,0.18844350795816922,total,0.012276878271471685
2012,"Forsyth County, NC",1,4,0.16989683723758547,total,0.009176853728617292
2012,"Forsyth County, NC",1,5,0.21114072984649324,total,0.011045448476469025
2013,"Forsyth County, NC",1,1,0.2126232603678579,total,0.01240380201387172
2013,"Forsyth County, NC",1,2,0.21251835792712778,total,0.012470950882324194
2013,"Forsyth County, NC",1,3,0.17471851178404085,total,0.01315666456494932
2013,"Forsyth County, NC",1,4,0.19795789915378698,total,0.013751598066999758
2013,"Forsyth County, NC",1,5,0.20218197076718653,total,0.009969625814275606
2014,"Forsyth County, NC",1,1,0.21581154196050534,total,0.014845394710555031
2014,"Forsyth County, NC",1,2,0.18929937002811276,total,0.013681051067462865
2014,"Forsyth County, NC",1,3,0.20903301709337402,total,0.01280209870716958
2014,"Forsyth County, NC",1,4,0.19836248349829338,total,0.01427505058311009
2014,"Forsyth County, NC",1,5,0.1874935874197145,total,0.011853666029905077
2015,"Forsyth County, NC",1,1,0.20828217667256269,total,0.012675841870647447
2015,"Forsyth County, NC",1,2,0.2068810044046752,total,0.013184529964281953
2015,"Forsyth County, NC",1,3,0.19796760656192558,total,0.012624783394010745
2015,"Forsyth County, NC",1,4,0.2039121839558839,total,0.013518677055312822
2015,"Forsyth County, NC",1,5,0.18295702840495265,total,0.010105850694408244
2016,"Forsyth County, NC",1,1,0.2258066722291373,total,0.011981028325456283
2016,"Forsyth County, NC",1,2,0.1972807725451039,total,0.013249649383664566
2016,"Forsyth County, NC",1,3,0.1926370214337496,total,0.015183549347908729
2016,"Forsyth County, NC",1,4,0.1909546020325815,total,0.010975594634980174
2016,"Forsyth County, NC",1,5,0.19332093175942772,total,0.0090909800057461
2017,"Durham County, NC",1,1,0.17972200417073037,total,0.01435218821845093
2017,"Durham County, NC",1,2,0.20225663471221167,total,0.01290438936099227
2017,"Durham County, NC",1,3,0.16840711402903652,total,0.012570807761687864
2017,"Durham County, NC",1,4,0.19925148869700357,total,0.014840654307619078
2017,"Durham County, NC",1,5,0.25036275839101785,total,0.013064649559728858
2017,"Forsyth County, NC",1,1,0.22369748828465186,total,0.01138569984641443
2017,"Forsyth County, NC",1,2,0.2213682420757247,total,0.013996024924615214
2017,"Forsyth County, NC",1,3,0.1736774443261774,total,0.014077706223577737
2017,"Forsyth County, NC",1,4,0.18927026167733374,total,0.011040362478694403
2017,"Forsyth County, NC",1,5,0.1919865636361123,total,0.010586426840148216
2017,"Guilford County, NC",1,1,0.20089173667193244,total,0.011094290968318868
2017,"Guilford County, NC",1,2,0.22385444810259894,total,0.013214946703011075
2017,"Guilford County, NC",1,3,0.19573915225960759,total,0.010926442312701401
2017,"Guilford County, NC",1,4,0.1934852041594693,total,0.011416714235125832
2017,"Guilford County, NC",1,5,0.18602945880639177,total,0.008055900801175912
2006,North Carolina,24,1,0.43170064992660445,agep,0.013557641492486656
2006,North Carolina,24,2,0.27994564061600385,agep,0.01359650482289691
2006,North Carolina,24,3,0.17900213184225405,agep,0.011523410985549078
2006,North Carolina,24,4,0.08634739173509137,agep,0.008111249183069696
2006,North Carolina,24,5,0.02300418588004627,agep,0.003900731573848747
2006,North Carolina,44,1,0.15077688312572113,agep,0.003944881505248561
2006,North Carolina,44,2,0.19541711648452265,agep,0.0045766222287297
2006,North Carolina,44,3,0.2196461879676688,agep,0.007372039856914721
2006,North Carolina,44,4,0.23016187256209034,agep,0.0075774421772830825
2006,North Carolina,44,5,0.2039979398599971,agep,0.003993737692386993
2006,North Carolina,64,1,0.159171918855132,agep,0.004224106302569597
2006,North Carolina,64,2,0.1627117077922328,agep,0.004073776127919586
2006,North Carolina,64,3,0.193956101073025,agep,0.005644199632075125
2006,North Carolina,64,4,0.21380186576214805,agep,0.005716789532765227
2006,North Carolina,64,5,0.2703584065174622,agep,0.0035682036550185653
2006,North Carolina,150,1,0.32853722399219715,agep,0.005729143632500022
2006,North Carolina,150,2,0.244615019245677,agep,0.005968682161144925
2006,North Carolina,150,3,0.1938025484652002,agep,0.004713731510608002
2006,North Carolina,150,4,0.12788778508172505,agep,0.003518705482177385
2006,North Carolina,150,5,0.10515742321520058,agep,0.003168322834303069
2007,North Carolina,24,1,0.42021940893285586,agep,0.014028941242021295
2007,North Carolina,24,2,0.27082027019323945,agep,0.02267288236557695
2007,North Carolina,24,3,0.18981930114575615,agep,0.017970414414247616
2007,North Carolina,24,4,0.08773766278183995,agep,0.008572524950736573
2007,North Carolina,24,5,0.03140335694630855,agep,0.00478757952077866
2007,North Carolina,44,1,0.14099737413120222,agep,0.0032313025797021363
2007,North Carolina,44,2,0.19600305528004833,agep,0.017912711905101845
2007,North Carolina,44,3,0.21929994565857625,agep,0.014899060834485577
2007,North Carolina,44,4,0.24190977803618455,agep,0.007124001968306935
2007,North Carolina,44,5,0.20178984689398863,agep,0.0033104088012061465
2007,North Carolina,64,1,0.15876728507860235,agep,0.0027104354219275443
2007,North Carolina,64,2,0.16514837473324862,agep,0.007600015108810701
2007,North Carolina,64,3,0.19427654180993761,agep,0.006442188780911149
2007,North Carolina,64,4,0.21360157197257276,agep,0.006384127303778168
2007,North Carolina,64,5,0.2682062264056386,agep,0.0035727400317661514
2007,North Carolina,150,1,0.33193091167476474,agep,0.005565930175176666
2007,North Carolina,150,2,0.25331906459194564,agep,0.005151769486829892
2007,North Carolina,150,3,0.17846858431646687,agep,0.005369117597617762
2007,North Carolina,150,4,0.1288530636080929,agep,0.003937407944504132
2007,North Carolina,150,5,0.10742837580872983,agep,0.002997569045044274
2008,North Carolina,24,1,0.3673132593534804,agep,0.016536048330330802
2008,North Carolina,24,2,0.30447059081538663,agep,0.017977905783831672
2008,North Carolina,24,3,0.19511820693890083,agep,0.011710788302025054
2008,North Carolina,24,4,0.10469209175841046,agep,0.009678832188720477
2008,North Carolina,24,5,0.028405851133821658,agep,0.004948868977867909
2008,North Carolina,44,1,0.1513475702588158,agep,0.005300363911896973
2008,North Carolina,44,2,0.1995817949897693,agep,0.00648763353566086
2008,North Carolina,44,3,0.21085163447834723,agep,0.0038807977771231662
2008,North Carolina,44,4,0.2329020360374514,agep,0.003662003007308459
2008,North Carolina,44,5,0.20531696423561627,agep,0.003260817987225298
2008,North Carolina,64,1,0.1590260756881003,agep,0.005352911599596044
2008,North Carolina,64,2,0.16647072275451208,agep,0.0046287870252742025
2008,North Carolina,64,3,0.1978852716632853,agep,0.0037776842040611767
2008,North Carolina,64,4,0.21373400687220742,agep,0.0033311795846581705
2008,North Carolina,64,5,0.2628839230218949,agep,0.0032900565031304314
2008,North Carolina,150,1,0.3286890623836532,agep,0.005447663101659075
2008,North Carolina,150,2,0.2368606283182981,agep,0.005823505696916329
2008,North Carolina,150,3,0.18594973397417436,agep,0.004725165743133339
2008,North Carolina,150,4,0.1365589872051904,agep,0.004370318542182053
2008,North Carolina,150,5,0.1119415881186839,agep,0.003478433891764313
2009,North Carolina,24,1,0.414046718069821,agep,0.015071850424174485
2009,North Carolina,24,2,0.29645963145266074,agep,0.013792038954235189
2009,North Carolina,24,3,0.1932455117079694,agep,0.01479648971252687
2009,North Carolina,24,4,0.07849413416033611,agep,0.008901291153320234
2009,North Carolina,24,5,0.017754004609212736,agep,0.0036992361704587026
2009,North Carolina,44,1,0.15699169641739535,agep,0.0038581967920076152
2009,North Carolina,44,2,0.1878477264402258,agep,0.0031551470715584255
2009,North Carolina,44,3,0.22455842341743915,agep,0.010146632652781274
2009,North Carolina,44,4,0.21991554351106465,agep,0.010610293921976348
2009,North Carolina,44,5,0.21068661021387503,agep,0.0031828686769334188
2009,North Carolina,64,1,0.16343437197287697,agep,0.0035204529746690155
2009,North Carolina,64,2,0.16385024101665205,agep,0.0031812326060449434
2009,North Carolina,64,3,0.19316360302596983,agep,0.008580149303688764
2009,North Carolina,64,4,0.2140060657779418,agep,0.008652486119851914
2009,North Carolina,64,5,0.26554571820655937,agep,0.0034035147028617942
2009,North Carolina,150,1,0.2838002419716126,agep,0.005268370824882711
2009,North Carolina,150,2,0.2612528871612867,agep,0.006196943732017238
2009,North Carolina,150,3,0.19548999251551222,agep,0.006492316325313376
2009,North Carolina,150,4,0.14869853073334569,agep,0.00454451193331391
2009,North Carolina,150,5,0.11075834761824284,agep,0.003739931666440598
2010,North Carolina,24,1,0.423626696025116,agep,0.014025452542594307
2010,North Carolina,24,2,0.2638388995420808,agep,0.013445392493350071
2010,North Carolina,24,3,0.20251280903498212,agep,0.012868400991464806
2010,North Carolina,24,4,0.08635134562920037,agep,0.008679946570171924
2010,North Carolina,24,5,0.023670249768620737,agep,0.004863006384496885
2010,North Carolina,44,1,0.1628558776515315,agep,0.0036064242264563715
2010,North Carolina,44,2,0.1910475902461905,agep,0.003458573824731364
2010,North Carolina,44,3,0.21328357886551172,agep,0.005306149339380804
2010,North Carolina,44,4,0.23033222447833412,agep,0.005616560900746761
2010,North Carolina,44,5,0.20248072875843212,agep,0.005198704634964284
2010,North Carolina,64,1,0.16819398537589997,agep,0.0032342296300490797
2010,North Carolina,64,2,0.16811542152312864,agep,0.003013126218050757
2010,North Carolina,64,3,0.18978641855453734,agep,0.004223785228968741
2010,North Carolina,64,4,0.21018917053406586,agep,0.0048770338484483465
2010,North Carolina,64,5,0.2637150040123682,agep,0.00439186646145751
2010,North Carolina,150,1,0.2749093757934802,agep,0.004966634878679334
2010,North Carolina,150,2,0.2617352127196704,agep,0.005182166134740742
2010,North Carolina,150,3,0.19155424501519017,agep,0.005087677322866624
2010,North Carolina,150,4,0.1546359656565837,agep,0.004287164024554223
2010,North Carolina,150,5,0.11716520081507559,agep,0.003071886808487207
2011,North Carolina,24,1,0.4140940610881083,agep,0.01464604682063697
2011,North Carolina,24,2,0.28964623264828404,agep,0.01671833859264526
2011,North Carolina,24,3,0.16533054782969833,agep,0.01255271264129901
2011,North Carolina,24,4,0.11053499288941467,agep,0.011240016430525253
2011,North Carolina,24,5,0.020394165544494646,agep,0.0043726915548026124
2011,North Carolina,44,1,0.1702639952510923,agep,0.0048692823283326605
2011,North Carolina,44,2,0.19655425208578411,agep,0.008569617742840426
2011,North Carolina,44,3,0.21694944676155184,agep,0.007883314385661104
2011,North Carolina,44,4,0.21583196554252085,agep,0.004256707084467953
2011,North Carolina,44,5,0.2004003403590509,agep,0.0040997749163973665
2011,North Carolina,64,1,0.17255342583113203,agep,0.0034627224200141304
2011,North Carolina,64,2,0.16658337382451388,agep,0.006589743706114998
2011,North Carolina,64,3,0.17986956410233307,agep,0.006758176523689619
2011,North Carolina,64,4,0.2199035004481178,agep,0.003561106284478908
2011,North Carolina,64,5,0.2610901357939032,agep,0.003683886035894542
2011,North Carolina,150,1,0.268120328305964,agep,0.005882403316524686
2011,North Carolina,150,2,0.2542147131113877,agep,0.007975155313397037
2011,North Carolina,150,3,0.20155180802062336,agep,0.007617175116372838
2011,North Carolina,150,4,0.15504811489445053,agep,0.0048362462238303264
2011,North Carolina,150,5,0.12106503566757441,agep,0.003794059787518802
2012,North Carolina,24,1,0.4512884010028768,agep,0.01626702694328089
2012,North Carolina,24,2,0.24772535467218618,agep,0.014984435753602282
2012,North Carolina,24,3,0.19331867211226306,agep,0.012631408764359676
2012,North Carolina,24,4,0.08465315123850357,agep,0.01013119483410653
2012,North Carolina,24,5,0.023014420974170377,agep,0.004329784565467199
2012,North Carolina,44,1,0.16627699787602518,agep,0.003526647552137239
2012,North Carolina,44,2,0.19915056630215125,agep,0.004282301770398942
2012,North Carolina,44,3,0.2107672009542654,agep,0.005740404837086127
2012,North Carolina,44,4,0.2217050073155661,agep,0.005458160607794097
2012,North Carolina,44,5,0.20210022755199208,agep,0.005725332924459609
2012,North Carolina,64,1,0.16464947158787324,agep,0.003450870376952629
2012,North Carolina,64,2,0.16819257377993352,agep,0.003984991890842617
2012,North Carolina,64,3,0.1889293669463122,agep,0.005156547122850756
2012,North Carolina,64,4,0.21526670413778268,agep,0.005927321642726417
2012,North Carolina,64,5,0.26296188354809835,agep,0.005998330113768541
2012,North Carolina,150,1,0.2637888019251299,agep,0.005033230463197004
2012,North Carolina,150,2,0.2608704371059352,agep,0.007183574440921892
2012,North Carolina,150,3,0.188554206208308,agep,0.006556993934001974
2012,North Carolina,150,4,0.16313352639681034,agep,0.004930784109876618
2012,North Carolina,150,5,0.12365302836381652,agep,0.004379177739603209
2013,North Carolina,24,1,0.4028436896379356,agep,0.014433248669000634
2013,North Carolina,24,2,0.26738581734477884,agep,0.01728327302501059
2013,North Carolina,24,3,0.20417420067512945,agep,0.016190340034223812
2013,North Carolina,24,4,0.09672124065834377,agep,0.010451431490575888
2013,North Carolina,24,5,0.02887505168381232,agep,0.005424962700426906
2013,North Carolina,44,1,0.1585227003553099,agep,0.0037331736600936683
2013,North Carolina,44,2,0.20206474536123173,agep,0.005252304980770288
2013,North Carolina,44,3,0.2084721673904461,agep,0.005051638500180211
2013,North Carolina,44,4,0.23045637583892617,agep,0.004691365316963805
2013,North Carolina,44,5,0.20048401105408606,agep,0.0037752000128572294
2013,North Carolina,64,1,0.17732761379666526,agep,0.0032996664350586295
2013,North Carolina,64,2,0.16089768155476897,agep,0.004981385240887962
2013,North Carolina,64,3,0.1882055846523019,agep,0.004419515654404831
2013,North Carolina,64,4,0.21451902460197436,agep,0.004118823010786823
2013,North Carolina,64,5,0.2590500953942895,agep,0.003181093904117037
2013,North Carolina,150,1,0.26456318187494343,agep,0.0049970617809259954
2013,North Carolina,150,2,0.24552825223487143,agep,0.007161733332519215
2013,North Carolina,150,3,0.20659457490184666,agep,0.005456421056424316
2013,North Carolina,150,4,0.15498545600771707,agep,0.0042387869794288735
2013,North Carolina,150,5,0.12832853498062138,agep,0.00390004878808614
2014,North Carolina,24,1,0.4455772835503318,agep,0.02921627916111685
2014,North Carolina,24,2,0.24175490146410658,agep,0.02938509070625201
2014,North Carolina,24,3,0.2139862708343888,agep,0.013769394645135876
2014,North Carolina,24,4,0.08545898981711333,agep,0.009493709133905986
2014,North Carolina,24,5,0.013222554334059475,agep,0.002756204866703587
2014,North Carolina,44,1,0.16420648353181658,agep,0.012679125730284777
2014,North Carolina,44,2,0.19790199261038505,agep,0.01319115247035194
2014,North Carolina,44,3,0.21528737435329046,agep,0.007422121301223966
2014,North Carolina,44,4,0.2218910445655113,agep,0.00662031673451604
2014,North Carolina,44,5,0.20071310493899666,agep,0.0038981062712085115
2014,North Carolina,64,1,0.16581337556106576,agep,0.010644334883912036
2014,North Carolina,64,2,0.17033277667009264,agep,0.010983991149256843
2014,North Carolina,64,3,0.18957951113349353,agep,0.005950188548006242
2014,North Carolina,64,4,0.2117161374249225,agep,0.0054560397210510455
2014,North Carolina,64,5,0.26255819921042556,agep,0.0035088397907179834
2014,North Carolina,150,1,0.262772973926854,agep,0.007935351864013148
2014,North Carolina,150,2,0.2449364715224776,agep,0.007760346748284324
2014,North Carolina,150,3,0.2057528565756386,agep,0.005068943099788128
2014,North Carolina,150,4,0.15941567035778886,agep,0.00440536900675847
2014,North Carolina,150,5,0.12712202761724092,agep,0.002979084890824766
2015,North Carolina,24,1,0.39714976648022005,agep,0.016484750578563977
2015,North Carolina,24,2,0.29480718465599676,agep,0.016517517298533405
2015,North Carolina,24,3,0.18749884624614646,agep,0.013367168819095346
2015,North Carolina,24,4,0.09289718360992659,agep,0.010011312984863904
2015,North Carolina,24,5,0.027647019007710154,agep,0.004093853886213898
2015,North Carolina,44,1,0.17013667827099954,agep,0.004533583772578245
2015,North Carolina,44,2,0.18711369244879048,agep,0.004496867504968344
2015,North Carolina,44,3,0.22144860002980102,agep,0.004760789381886812
2015,North Carolina,44,4,0.22372351674235114,agep,0.005218663003739066
2015,North Carolina,44,5,0.19757751250805783,agep,0.004173769567490615
2015,North Carolina,64,1,0.17326419559954956,agep,0.004010545139923658
2015,North Carolina,64,2,0.16651854648928208,agep,0.003634102716714082
2015,North Carolina,64,3,0.19286258538262882,agep,0.004046311882838258
2015,North Carolina,64,4,0.20488189719695488,agep,0.004746757484545779
2015,North Carolina,64,5,0.26247277533158464,agep,0.004476214982572963
2015,North Carolina,150,1,0.2606070051451357,agep,0.004931381955997452
2015,North Carolina,150,2,0.24066258066773322,agep,0.00502124210891848
2015,North Carolina,150,3,0.206290996489688,agep,0.0050531187361345185
2015,North Carolina,150,4,0.16459133119385594,agep,0.0037179662257694366
2015,North Carolina,150,5,0.12784808650358717,agep,0.0029279284526227
2016,North Carolina,24,1,0.3922918146159513,agep,0.016326923062656526
2016,North Carolina,24,2,0.301053288290381,agep,0.017005323631010056
2016,North Carolina,24,3,0.1829018191954656,agep,0.011702641438064968
2016,North Carolina,24,4,0.09105932793968315,agep,0.009383786663567774
2016,North Carolina,24,5,0.03269374995851889,agep,0.007066039109925425
2016,North Carolina,44,1,0.16644395826187167,agep,0.004288256611928291
2016,North Carolina,44,2,0.20940373306507515,agep,0.01754050607643465
2016,North Carolina,44,3,0.2043094275293056,agep,0.017640961428235576
2016,North Carolina,44,4,0.22870017612401422,agep,0.005023473141685677
2016,North Carolina,44,5,0.19114270501973338,agep,0.004716652038189276
2016,North Carolina,64,1,0.16734438909490237,agep,0.003813442471987946
2016,North Carolina,64,2,0.17453806120987378,agep,0.01187190476738713
2016,North Carolina,64,3,0.1741163083093279,agep,0.01163768399053479
2016,North Carolina,64,4,0.22089772359535065,agep,0.004377920004176681
2016,North Carolina,64,5,0.2631035177905453,agep,0.0037062858606817855
2016,North Carolina,150,1,0.2654408609932231,agep,0.0043906408285914285
2016,North Carolina,150,2,0.25222304356141867,agep,0.006616827275995745
2016,North Carolina,150,3,0.19672371815084957,agep,0.005401469527533104
2016,North Carolina,150,4,0.1653710758796801,agep,0.004048751063288682
2016,North Carolina,150,5,0.12024130141482856,agep,0.0035426836364834207
2017,North Carolina,24,1,0.38098645232904926,agep,0.016004808539913304
2017,North Carolina,24,2,0.2868749414895751,agep,0.015489118972313065
2017,North Carolina,24,3,0.1946023297179463,agep,0.01277788741621115
2017,North Carolina,24,4,0.109504767763765,agep,0.01148049736514095
2017,North Carolina,24,5,0.028031508699664316,agep,0.006370581537488926
2017,North Carolina,44,1,0.15614996238506987,agep,0.0040279845458902315
2017,North Carolina,44,2,0.19885392501565977,agep,0.00490020610367862
2017,North Carolina,44,3,0.21430673637757205,agep,0.00539691297854535
2017,North Carolina,44,4,0.2327813329220348,agep,0.005443876320085852
2017,North Carolina,44,5,0.19790804329966352,agep,0.004020188064596167
2017,North Carolina,64,1,0.1740699264266495,agep,0.0033294655859487485
2017,North Carolina,64,2,0.16436748582824506,agep,0.004275061688415709
2017,North Carolina,64,3,0.1845302883831862,agep,0.00507742155410529
2017,North Carolina,64,4,0.21416056282533186,agep,0.004311056209236434
2017,North Carolina,64,5,0.26287173653658735,agep,0.0041888702463787845
2017,North Carolina,150,1,0.27328037152059464,agep,0.004039376062008703
2017,North Carolina,150,2,0.24425333874935568,agep,0.004720661675780429
2017,North Carolina,150,3,0.20047095558696143,agep,0.005188388577567721
2017,North Carolina,150,4,0.15496047727207268,agep,0.004205005278284273
2017,North Carolina,150,5,0.12703485687101557,agep,0.003434636443060081
2006,North Carolina,1,1,0.16778270118266586,rac1p,0.002749262561619738
2006,North Carolina,1,2,0.17990379596936895,rac1p,0.0031590372885253095
2006,North Carolina,1,3,0.20029895366218237,rac1p,0.0049782944196458505
2006,North Carolina,1,4,0.21374985177351477,rac1p,0.005096819533774569
2006,North Carolina,1,5,0.23826469741226808,rac1p,0.0022383419317265904
2006,North Carolina,2,1,0.3252543446700551,rac1p,0.0070505477405082085
2006,North Carolina,2,2,0.23888653713389568,rac1p,0.007024834374231254
2006,North Carolina,2,3,0.19563302773145294,rac1p,0.0066940084219327
2006,North Carolina,2,4,0.15169766721688263,rac1p,0.006779234166144676
2006,North Carolina,2,5,0.08852842324771366,rac1p,0.004129951410756449
2006,North Carolina,3,1,0.21168579887803865,rac1p,0.014257360722835845
2006,North Carolina,3,2,0.2947226262206524,rac1p,0.013653786701456946
2006,North Carolina,3,3,0.25905750051942655,rac1p,0.016299142560001655
2006,North Carolina,3,4,0.14242676085601497,rac1p,0.011559222245573353
2006,North Carolina,3,5,0.09210731352586744,rac1p,0.00870129097632072
2006,North Carolina,4,1,0.23386454524435463,rac1p,0.014052703816924158
2006,North Carolina,4,2,0.1896606352278274,rac1p,0.014662401490056978
2006,North Carolina,4,3,0.22222697962783766,rac1p,0.014493544404822221
2006,North Carolina,4,4,0.16160716579463422,rac1p,0.013356025902573888
2006,North Carolina,4,5,0.19264067410534608,rac1p,0.012872036462726284
2007,North Carolina,1,1,0.16475862831137214,rac1p,0.0021181831560602186
2007,North Carolina,1,2,0.17993295959686711,rac1p,0.010493700636964911
2007,North Carolina,1,3,0.19949926416160935,rac1p,0.008626681442109468
2007,North Carolina,1,4,0.21869069265807406,rac1p,0.005983966321750455
2007,North Carolina,1,5,0.23711845527207734,rac1p,0.001938403548750664
2007,North Carolina,2,1,0.316302617705847,rac1p,0.00576078779563408
2007,North Carolina,2,2,0.24670971839070321,rac1p,0.009138441661516651
2007,North Carolina,2,3,0.19387930952597418,rac1p,0.008826893691091749
2007,North Carolina,2,4,0.1521555941232904,rac1p,0.006408449925764164
2007,North Carolina,2,5,0.0909527602541852,rac1p,0.0038876228066277176
2007,North Carolina,3,1,0.19800294414983238,rac1p,0.010545436852531327
2007,North Carolina,3,2,0.2969452967502025,rac1p,0.023169066377070734
2007,North Carolina,3,3,0.24238393369159736,rac1p,0.02096533606607779
2007,North Carolina,3,4,0.1703350300622528,rac1p,0.010862453486955217
2007,North Carolina,3,5,0.09233279534611497,rac1p,0.009265262877476872
2007,North Carolina,4,1,0.2397324010965519,rac1p,0.015394930983095745
2007,North Carolina,4,2,0.18776355390122648,rac1p,0.018044238125771394
2007,North Carolina,4,3,0.19504874961226662,rac1p,0.01925616985627827
2007,North Carolina,4,4,0.16194260707728678,rac1p,0.01388269650748547
2007,North Carolina,4,5,0.2155126883126682,rac1p,0.01337940953959894
2008,North Carolina,1,1,0.1656561601377967,rac1p,0.003904260988225934
2008,North Carolina,1,2,0.17954891301583276,rac1p,0.004324548522316438
2008,North Carolina,1,3,0.19986938738457433,rac1p,0.0023048942162842622
2008,North Carolina,1,4,0.2160304486257698,rac1p,0.0021493072444809095
2008,North Carolina,1,5,0.2388950908360264,rac1p,0.0023968657476996728
2008,North Carolina,2,1,0.31389961701053354,rac1p,0.008207280506971653
2008,North Carolina,2,2,0.24101344491773516,rac1p,0.00807309437290562
2008,North Carolina,2,3,0.20081566550462757,rac1p,0.005994408864116834
2008,North Carolina,2,4,0.1545238952123631,rac1p,0.004625002242857864
2008,North Carolina,2,5,0.08974737735474064,rac1p,0.0038978700591126634
2008,North Carolina,3,1,0.21871799298003336,rac1p,0.01692614779358738
2008,North Carolina,3,2,0.32268830197364634,rac1p,0.017492658983337215
2008,North Carolina,3,3,0.20936762759652455,rac1p,0.01261923554126461
2008,North Carolina,3,4,0.16243167040681283,rac1p,0.01222045035766252
2008,North Carolina,3,5,0.08679440704298291,rac1p,0.007661983291640392
2008,North Carolina,4,1,0.20727083488216488,rac1p,0.013673515252105866
2008,North Carolina,4,2,0.19495452630535523,rac1p,0.01284959074409202
2008,North Carolina,4,3,0.1903121618384424,rac1p,0.015455208596416102
2008,North Carolina,4,4,0.1967222593941797,rac1p,0.014806431177234389
2008,North Carolina,4,5,0.21074021757985775,rac1p,0.013845793166834808
2009,North Carolina,1,1,0.1649868540620541,rac1p,0.0018505490315552657
2009,North Carolina,1,2,0.18226603468945218,rac1p,0.001988461184071606
2009,North Carolina,1,3,0.2024439537799759,rac1p,0.00722778802295307
2009,North Carolina,1,4,0.21223504991345285,rac1p,0.007831473949880503
2009,North Carolina,1,5,0.23806810755506497,rac1p,0.0017484762253852349
2009,North Carolina,2,1,0.3073910198567863,rac1p,0.0051633777832444045
2009,North Carolina,2,2,0.23675246824655555,rac1p,0.005003265307103686
2009,North Carolina,2,3,0.21019408254048663,rac1p,0.00914186919674749
2009,North Carolina,2,4,0.15278855134638827,rac1p,0.008185168794331867
2009,North Carolina,2,5,0.09287387800978328,rac1p,0.0031005124226082957
2009,North Carolina,3,1,0.22562098026169883,rac1p,0.014135800355422253
2009,North Carolina,3,2,0.3118596141051231,rac1p,0.01491098493827279
2009,North Carolina,3,3,0.23501330671989354,rac1p,0.014940948072948356
2009,North Carolina,3,4,0.140263916611222,rac1p,0.010446012869090571
2009,North Carolina,3,5,0.08724218230206254,rac1p,0.008183316989892398
2009,North Carolina,4,1,0.2396356832485426,rac1p,0.01258053355926027
2009,North Carolina,4,2,0.18235166772332956,rac1p,0.012475498524618801
2009,North Carolina,4,3,0.1796223847593128,rac1p,0.012052583936385
2009,North Carolina,4,4,0.17302726190292103,rac1p,0.01368634593000156
2009,North Carolina,4,5,0.22536300236589402,rac1p,0.011331341184856649
2010,North Carolina,1,1,0.1635760629744587,rac1p,0.002062507356118993
2010,North Carolina,1,2,0.18303159630031288,rac1p,0.002439667906724403
2010,North Carolina,1,3,0.19782161911172608,rac1p,0.003421725676455838
2010,North Carolina,1,4,0.21676529798187552,rac1p,0.0031314937368331847
2010,North Carolina,1,5,0.23880542363162685,rac1p,0.0035267698586345293
2010,North Carolina,2,1,0.31481620538519606,rac1p,0.006114762604721265
2010,North Carolina,2,2,0.23771376177245906,rac1p,0.005814867162062269
2010,North Carolina,2,3,0.1945220602280916,rac1p,0.005475740865004517
2010,North Carolina,2,4,0.16014233000167308,rac1p,0.004974896679888105
2010,North Carolina,2,5,0.09280564261258022,rac1p,0.0036178439266057105
2010,North Carolina,3,1,0.23524658861080303,rac1p,0.014181193111691436
2010,North Carolina,3,2,0.285598141112823,rac1p,0.014378549937584232
2010,North Carolina,3,3,0.22785921840418752,rac1p,0.012442659356421453
2010,North Carolina,3,4,0.15513477433892572,rac1p,0.011010461301685218
2010,North Carolina,3,5,0.09616127753326073,rac1p,0.009085101428001768
2010,North Carolina,4,1,0.21041735446241883,rac1p,0.013127845481877108
2010,North Carolina,4,2,0.1983121492241664,rac1p,0.012997193948357308
2010,North Carolina,4,3,0.20449543303620557,rac1p,0.013532700958156826
2010,North Carolina,4,4,0.1701400352151425,rac1p,0.010266584843784508
2010,North Carolina,4,5,0.2166350280620667,rac1p,0.011474665983019551
2011,North Carolina,1,1,0.16691991098329598,rac1p,0.002883895888709659
2011,North Carolina,1,2,0.1820205984125018,rac1p,0.007169368674957118
2011,North Carolina,1,3,0.1973872797444284,rac1p,0.006938721790499957
2011,North Carolina,1,4,0.21666271235341697,rac1p,0.002968166225777328
2011,North Carolina,1,5,0.23700949850635686,rac1p,0.0019949256583596617
2011,North Carolina,2,1,0.3100207763975963,rac1p,0.006711146498895345
2011,North Carolina,2,2,0.2445595221688583,rac1p,0.007836751671691128
2011,North Carolina,2,3,0.18922903703087338,rac1p,0.007824931807963387
2011,North Carolina,2,4,0.1598677487382044,rac1p,0.005232250419885103
2011,North Carolina,2,5,0.09632291566446768,rac1p,0.0040187724336271675
2011,North Carolina,3,1,0.23672637509955527,rac1p,0.01346115010983112
2011,North Carolina,3,2,0.2971521006782126,rac1p,0.018976005296335096
2011,North Carolina,3,3,0.2275153475901439,rac1p,0.014028878573777662
2011,North Carolina,3,4,0.14684218076765157,rac1p,0.010718626662057251
2011,North Carolina,3,5,0.09176399586443663,rac1p,0.008740610300464273
2011,North Carolina,4,1,0.22268999693022848,rac1p,0.01356555116448758
2011,North Carolina,4,2,0.17720621555643262,rac1p,0.016070769203121008
2011,North Carolina,4,3,0.18537034600710434,rac1p,0.015207620049386084
2011,North Carolina,4,4,0.1858015758160476,rac1p,0.014231357585066374
2011,North Carolina,4,5,0.22893186569018698,rac1p,0.014538435420423199
2012,North Carolina,1,1,0.16149982237709862,rac1p,0.0017514728379765636
2012,North Carolina,1,2,0.1841785912637244,rac1p,0.003356230842410749
2012,North Carolina,1,3,0.19706866404870138,rac1p,0.004280779851373458
2012,North Carolina,1,4,0.21890877572597348,rac1p,0.004327100621897487
2012,North Carolina,1,5,0.23834414658450212,rac1p,0.004590745685362244
2012,North Carolina,2,1,0.3111669421658234,rac1p,0.005799767805056035
2012,North Carolina,2,2,0.2450923083474309,rac1p,0.006562795537817777
2012,North Carolina,2,3,0.19467660786340404,rac1p,0.007992767201520307
2012,North Carolina,2,4,0.15067287604344498,rac1p,0.005288859697302046
2012,North Carolina,2,5,0.09839126557989669,rac1p,0.004220586271255734
2012,North Carolina,3,1,0.23897822942906127,rac1p,0.011918211162849881
2012,North Carolina,3,2,0.29466893982204256,rac1p,0.014735130409982086
2012,North Carolina,3,3,0.22239409235012977,rac1p,0.013003335281590235
2012,North Carolina,3,4,0.14945358069861217,rac1p,0.011302059887728583
2012,North Carolina,3,5,0.0945051577001542,rac1p,0.008669062683962296
2012,North Carolina,4,1,0.2434969501784363,rac1p,0.01293494295263503
2012,North Carolina,4,2,0.19208854191077515,rac1p,0.011560705154501659
2012,North Carolina,4,3,0.16054582097446987,rac1p,0.011216717291451132
2012,North Carolina,4,4,0.19639377849792103,rac1p,0.011866183474559226
2012,North Carolina,4,5,0.2074749084383976,rac1p,0.01026884765095551
2013,North Carolina,1,1,0.16689286165363462,rac1p,0.00221911575920247
2013,North Carolina,1,2,0.1773701675220741,rac1p,0.003984737854243866
2013,North Carolina,1,3,0.1999391455111203,rac1p,0.003499413117594051
2013,North Carolina,1,4,0.22016426884671175,rac1p,0.003219319121475677
2013,North Carolina,1,5,0.23563355646645923,rac1p,0.0022127942674740886
2013,North Carolina,2,1,0.3033761458453864,rac1p,0.005455470539750839
2013,North Carolina,2,2,0.24546225942068114,rac1p,0.006895724170635266
2013,North Carolina,2,3,0.20106067034365718,rac1p,0.006490149436736635
2013,North Carolina,2,4,0.15184685205898613,rac1p,0.00509458348489616
2013,North Carolina,2,5,0.09825407233128913,rac1p,0.0038507455496893757
2013,North Carolina,3,1,0.22019051176690324,rac1p,0.011455979387960901
2013,North Carolina,3,2,0.3067099364960777,rac1p,0.0163336754896001
2013,North Carolina,3,3,0.21590866641763168,rac1p,0.012461201424869442
2013,North Carolina,3,4,0.15872245050429584,rac1p,0.010346675611649142
2013,North Carolina,3,5,0.09846843481509152,rac1p,0.008676204871550243
2013,North Carolina,4,1,0.2357020312479537,rac1p,0.01154168505282445
2013,North Carolina,4,2,0.1820068886938984,rac1p,0.011753832211600585
2013,North Carolina,4,3,0.1732585093704572,rac1p,0.012476189203654545
2013,North Carolina,4,4,0.18228846078290137,rac1p,0.011525830067585566
2013,North Carolina,4,5,0.22674410990478935,rac1p,0.01135702583098826
2014,North Carolina,1,1,0.16279316704664282,rac1p,0.009199485101432188
2014,North Carolina,1,2,0.1828998424952083,rac1p,0.00942569552698728
2014,North Carolina,1,3,0.20230132428674644,rac1p,0.005064921820909309
2014,North Carolina,1,4,0.21359673387230185,rac1p,0.004278757246838266
2014,North Carolina,1,5,0.2384089322991006,rac1p,0.0020944627782607823
2014,North Carolina,2,1,0.30816525156880464,rac1p,0.01461127380358623
2014,North Carolina,2,2,0.23728714414084767,rac1p,0.01516566022721776
2014,North Carolina,2,3,0.19885423122972876,rac1p,0.008230983545669932
2014,North Carolina,2,4,0.1589738611386995,rac1p,0.006925594032853275
2014,North Carolina,2,5,0.09671951192191945,rac1p,0.003781639900122871
2014,North Carolina,3,1,0.24222475866889637,rac1p,0.02403702930476302
2014,North Carolina,3,2,0.2900706960776507,rac1p,0.02439328642250072
2014,North Carolina,3,3,0.24453410488501934,rac1p,0.013702735116991665
2014,North Carolina,3,4,0.1413656110919403,rac1p,0.011189574600594316
2014,North Carolina,3,5,0.08180482927649334,rac1p,0.008473816965879297
2014,North Carolina,4,1,0.2044543044475068,rac1p,0.013700441822253268
2014,North Carolina,4,2,0.17259193800557407,rac1p,0.013062168646168399
2014,North Carolina,4,3,0.1783822866006266,rac1p,0.012688233479149127
2014,North Carolina,4,4,0.20517114589577373,rac1p,0.013299381848168857
2014,North Carolina,4,5,0.23940032505051878,rac1p,0.011789960583878442
2015,North Carolina,1,1,0.16503655927202582,rac1p,0.0024437971657669277
2015,North Carolina,1,2,0.17575628518471703,rac1p,0.002583857112820598
2015,North Carolina,1,3,0.20826771339717115,rac1p,0.0034320147715696915
2015,North Carolina,1,4,0.21471526356724208,rac1p,0.003776160820933292
2015,North Carolina,1,5,0.23622417857884395,rac1p,0.003144665868868286
2015,North Carolina,2,1,0.31449813483748207,rac1p,0.0076180101756095605
2015,North Carolina,2,2,0.2433527731712949,rac1p,0.006421290079134779
2015,North Carolina,2,3,0.19502277585080677,rac1p,0.0046407280529461425
2015,North Carolina,2,4,0.1516517276677504,rac1p,0.0051655846612982245
2015,North Carolina,2,5,0.09547458847266589,rac1p,0.004033717032071474
2015,North Carolina,3,1,0.2550290265964628,rac1p,0.012953109268425692
2015,North Carolina,3,2,0.29149790738490616,rac1p,0.010526667280509367
2015,North Carolina,3,3,0.21913814634804915,rac1p,0.012464610334551722
2015,North Carolina,3,4,0.14866848926690968,rac1p,0.010991548993688644
2015,North Carolina,3,5,0.08566643040367221,rac1p,0.007452978524280271
2015,North Carolina,4,1,0.19026066394487448,rac1p,0.01211434851775521
2015,North Carolina,4,2,0.16926222189380083,rac1p,0.012017975829866544
2015,North Carolina,4,3,0.18736645052434525,rac1p,0.011660161112793433
2015,North Carolina,4,4,0.1923851397535608,rac1p,0.0121760999771902
2015,North Carolina,4,5,0.26072552388341863,rac1p,0.014035708376690713
2016,North Carolina,1,1,0.16673741687788513,rac1p,0.0021747777955245027
2016,North Carolina,1,2,0.19033308148510136,rac1p,0.010786353836219438
2016,North Carolina,1,3,0.19081050466106894,rac1p,0.010557182398894912
2016,North Carolina,1,4,0.21983047723926294,rac1p,0.0034972633134150587
2016,North Carolina,1,5,0.2322885197366816,rac1p,0.0031301222237307192
2016,North Carolina,2,1,0.30815766472867007,rac1p,0.006158295559222184
2016,North Carolina,2,2,0.2534602777199385,rac1p,0.015240880022571637
2016,North Carolina,2,3,0.18415497655327537,rac1p,0.014403275216818856
2016,North Carolina,2,4,0.16388892698661273,rac1p,0.005166202664825818
2016,North Carolina,2,5,0.0903381540115033,rac1p,0.00396334043956213
2016,North Carolina,3,1,0.21763194141163034,rac1p,0.011596939740154242
2016,North Carolina,3,2,0.2967421977357476,rac1p,0.015619421802971434
2016,North Carolina,3,3,0.22511506030167636,rac1p,0.015052445081994572
2016,North Carolina,3,4,0.16383915073739375,rac1p,0.01014957029722378
2016,North Carolina,3,5,0.09667164981355192,rac1p,0.007488697404349707
2016,North Carolina,4,1,0.19179652597092425,rac1p,0.011096425888156188
2016,North Carolina,4,2,0.1943759166952329,rac1p,0.012757859473700846
2016,North Carolina,4,3,0.15419024551978375,rac1p,0.012318802156344509
2016,North Carolina,4,4,0.21351623217888271,rac1p,0.011474503726389529
2016,North Carolina,4,5,0.24612107963517638,rac1p,0.011156243581064556
2017,North Carolina,1,1,0.16865332191096347,rac1p,0.0026170462074287504
2017,North Carolina,1,2,0.17967496769812252,rac1p,0.0031417004531267213
2017,North Carolina,1,3,0.19829526330766767,rac1p,0.003946946388130855
2017,North Carolina,1,4,0.21641774964949026,rac1p,0.003580586663161057
2017,North Carolina,1,5,0.23695869743375608,rac1p,0.002658961229086845
2017,North Carolina,2,1,0.297807352855788,rac1p,0.005737515740109761
2017,North Carolina,2,2,0.24280367546015832,rac1p,0.0071223099147968314
2017,North Carolina,2,3,0.20262449919677938,rac1p,0.00712215146304189
2017,North Carolina,2,4,0.15684455261578958,rac1p,0.005846435963087024
2017,North Carolina,2,5,0.0999199198714847,rac1p,0.003740650821237363
2017,North Carolina,3,1,0.23199866777144157,rac1p,0.010538216427598742
2017,North Carolina,3,2,0.2964614709752888,rac1p,0.011650887488029981
2017,North Carolina,3,3,0.20884307322383064,rac1p,0.011763187833344674
2017,North Carolina,3,4,0.17497684846712483,rac1p,0.011161328961686276
2017,North Carolina,3,5,0.08771993956231418,rac1p,0.007719184870167774
2017,North Carolina,4,1,0.20607142857142857,rac1p,0.011020482499201135
2017,North Carolina,4,2,0.18544642857142857,rac1p,0.012126645552967108
2017,North Carolina,4,3,0.1708718487394958,rac1p,0.01070651931884607
2017,North Carolina,4,4,0.2107825630252101,rac1p,0.011330740199666204
2017,North Carolina,4,5,0.22682773109243698,rac1p,0.009347242536919044
2006,North Carolina,1,1,0.20406835640126889,total,0.00281648056609732
2006,North Carolina,1,2,0.197374519878416,total,0.003188713604038942
2006,North Carolina,1,3,0.20270938106982683,total,0.004643872252761205
2006,North Carolina,1,4,0.1961600116731754,total,0.00464839939997641
2006,North Carolina,1,5,0.19968773097731288,total,0.0013157149300085827
2007,North Carolina,1,1,0.2004124406608201,total,6.378033141470338e-4
2007,North Carolina,1,2,0.1996843716224784,total,0.01027753042661723
2007,North Carolina,1,3,0.20022830527951724,total,0.008423480054018767
2007,North Carolina,1,4,0.20062142867027424,total,0.004954731244918641
2007,North Carolina,1,5,0.19905345376691003,total,0.0013293242000594
2008,North Carolina,1,1,0.20032816287203428,total,0.004461891171640044
2008,North Carolina,1,2,0.19971817713006854,total,0.0044772698322428145
2008,North Carolina,1,3,0.20020271664785436,total,0.0016933081556740977
2008,North Carolina,1,4,0.20004945529636184,total,0.0014089331364710014
2008,North Carolina,1,5,0.19970148805368096,total,0.0013623130106969331
2009,North Carolina,1,1,0.2002403122907861,total,6.807279832904538e-4
2009,North Carolina,1,2,0.20000746004828734,total,7.135076438682788e-4
2009,North Carolina,1,3,0.20485676570155034,total,0.007054071050098803
2009,North Carolina,1,4,0.19492502788604446,total,0.007245536031725877
2009,North Carolina,1,5,0.19997043407333173,total,0.0012492065683407023
2010,North Carolina,1,1,0.20059588086523406,total,8.198936105765595e-4
2010,North Carolina,1,2,0.2005117045886695,total,0.0017890419683700394
2010,North Carolina,1,3,0.19903412489907019,total,0.0029565012414284166
2010,North Carolina,1,4,0.19986444622906627,total,0.0026462161535307344
2010,North Carolina,1,5,0.19999384341796,total,0.0029022542776426115
2011,North Carolina,1,1,0.20270427295108048,total,0.002691280155234877
2011,North Carolina,1,2,0.20121948570814224,total,0.006809453675416877
2011,North Carolina,1,3,0.19689082456325155,total,0.006342092678940798
2011,North Carolina,1,4,0.19982483365713224,total,0.002334920465157888
2011,North Carolina,1,5,0.19936058312039348,total,0.0011630757734560051
2012,North Carolina,1,1,0.20020207299015766,total,5.914706245403578e-4
2012,North Carolina,1,2,0.20332964831527675,total,0.003096356909332512
2012,North Carolina,1,3,0.19652723898347102,total,0.00432841034701432
2012,North Carolina,1,4,0.19994881174917756,total,0.0033460440734537477
2012,North Carolina,1,5,0.199992227961917,total,0.003776502070858389
2013,North Carolina,1,1,0.20097970072447607,total,0.0011286708247376497
2013,North Carolina,1,2,0.19902572845480768,total,0.004044774146935816
2013,North Carolina,1,3,0.1999971257286145,total,0.003365011416250588
2013,North Carolina,1,4,0.20098103140567306,total,0.002582092900459859
2013,North Carolina,1,5,0.1990164136864287,total,0.0014430155451708073
2014,North Carolina,1,1,0.20012198522511998,total,0.010518310554117677
2014,North Carolina,1,2,0.20037867126327255,total,0.010874077462133612
2014,North Carolina,1,3,0.20306793896412278,total,0.00497689308501116
2014,North Carolina,1,4,0.1973517281987684,total,0.00434003334395889
2014,North Carolina,1,5,0.1990796763487163,total,0.0012977909308791288
2015,North Carolina,1,1,0.2031419796527094,total,0.0025705856437843815
2015,North Carolina,1,2,0.19686114229444904,total,0.0025724343164311592
2015,North Carolina,1,3,0.20526438339592404,total,0.0028419615626708522
2015,North Carolina,1,4,0.1964121022281597,total,0.0031416057386930356
2015,North Carolina,1,5,0.19832039242875782,total,0.0023429412640074104
2016,North Carolina,1,1,0.20022233561086528,total,0.0015977759064215095
2016,North Carolina,1,2,0.21008603141495033,total,0.01132356575297461
2016,North Carolina,1,3,0.1898612694817329,total,0.010886861040932656
2016,North Carolina,1,4,0.20455030742431457,total,0.002739467213009865
2016,North Carolina,1,5,0.1952800560681369,total,0.0024627097708966737
2017,North Carolina,1,1,0.20139314854098664,total,0.0016225234129111064
2017,North Carolina,1,2,0.2004176917222704,total,0.003023441309547292
2017,North Carolina,1,3,0.19853656193190006,total,0.00378389314471541
2017,North Carolina,1,4,0.20111502451284047,total,0.0029611026038777327
2017,North Carolina,1,5,0.19853757329200242,total,0.0017429915720258015
