NAME,"Durham County, North Carolina","Forsyth County, North Carolina","Guilford County, North Carolina",North Carolina,United States
Total Population0099AA17,311640,376320,526953,10273419,325719178
Total Population0099AA17_SE,0,0,0,0,0
Pop2599AA17,215089,252493,353213,6991185,221250083
Pop2599AA17_SE,6.68693,225.53191,336.77812,5082.67477,45818.84498
Pop2599MA17,99846,116707,163720,3308297,106901803
Pop2599MA17_SE,424.92401,334.95441,94.83283,4051.67173,26886.93009
Pop2599FA17,115243,135786,189493,3682888,114348280
Pop2599FA17_SE,424.3161,306.383,351.3678,3334.3465,23772.0365
Assoc_p2599MA17,50638,47459,72153,1261395,41588192
Assoc_p2599MA17_SE,1849.712,1885.197,2482.591,10261.59,68364.054
Assoc_p2599FA17,65195,58751,87327,1587508,47938482
Assoc_p2599FA17_SE,2530.244,2023.379,2698.321,10821.94,70241.829
Assoc_p2599AA17,115833,106210,159480,2848903,89526674
Assoc_p2599AA17_SE,3134.258,2765.507,3666.633,14913.571,98018.154
Pct_Assoc_p2599AA17,0.5385352,0.4206453,0.4515123,0.4074993,0.4046402
Pct_Assoc_p2599AA17_SE,0.01457192,0.010959251,0.010389721,0.00215367,0.000450875
Pct_Assoc_p2599MA17,0.507161,0.4066508,0.4407097,0.3812823,0.3890317
Pct_Assoc_p2599MA17_SE,0.01865096,0.016195356,0.01516579,0.003136726,0.000646945
Pct_Assoc_p2599FA17,0.5657177,0.4326735,0.4608455,0.4310498,0.4192322
Pct_Assoc_p2599FA17_SE,0.022054314,0.014933182,0.014265304,0.00296424,0.000620432
Pop2599AW17,103284,158505,197642,4722706,143648000
Pop2599AW17_SE,125.8359,100.9119,148.3283,1914.8936,12824.3161
Assoc_p2599AW17,72909,78931,105743,2145886,64396222
Assoc_p2599AW17_SE,2025.048,2191.094,2707.051,12863.829,76003.282
Pct_Assoc_p2599AW17,0.705908,0.4979717,0.5350229,0.4543764,0.4482918
Pct_Assoc_p2599AW17_SE,0.019625451,0.013827135,0.013702624,0.002730049,0.000530605
Pop2599AB17,74922,62605,112675,1439450,26472921
Pop2599AB17_SE,887.538,672.9483,607.2948,4545.2888,22670.5167
Assoc_p2599AB17,26100,19027,38821,424825,7911200
Assoc_p2599AB17_SE,1839.467,1381.983,2302.204,6629.751,31856.739
Pct_Assoc_p2599AB17,0.3483623,0.3039214,0.3445396,0.2951301,0.2988412
Pct_Assoc_p2599AB17_SE,0.02489616,0.022315065,0.020516468,0.004699089,0.001230282
Pop2599AH17,21607,22690,20662,476705,33474043
Pop2599AH17_SE,0,0,0,2465.046,16381.763
Assoc_p2599AH17,4920,3363,4522,97080,7556224
Assoc_p2599AH17_SE,760.3136,566.1735,681.658,3246.5302,30381.3608
Pct_Assoc_p2599AH17,0.227704,0.1482151,0.2188559,0.203648,0.2257338
Pct_Assoc_p2599AH17_SE,0.035188298,0.024952558,0.032990899,0.00689129,0.000914308
Pop2534AA17,56307,48949,72265,1352154,44965735
Pop2534AA17_SE,367.6304,302.619,592.5178,4909.9388,20328.3315
Pop3544AA17,43843,45855,65562,1305272,41117905
Pop3544AA17_SE,408.2052,348.843,495.3635,4383.3074,19299.5547
Pop4564AA17,75700,99712,137190,2703761,84350731
Pop4564AA17_SE,635.9037,470.8955,184.2196,4870.7787,23262.3445
Pop6599AA17,39239,57977,78196,1629998,50815712
Pop6599AA17_SE,518.2759,377.3407,117.3504,2632.3048,11575.1031
Assoc_p2534AA17,34467,21324,32056,601925,20081635
Assoc_p2534AA17_SE,1503.153,1342.607,1813.692,8016.501,48682.063
Assoc_p3544AA17,23130,19752,33333,597738,18579324
Assoc_p3544AA17_SE,1411.283,1196.384,1766.15,7105.663,40884.664
Assoc_p4564AA17,40422,44756,65015,1108221,33678775
Assoc_p4564AA17_SE,1828.393,1825.363,2176.072,8569.307,54974.009
Assoc_p6599AA17,17814,20378,29076,541019,17186940
Assoc_p6599AA17_SE,1156.578,1054.643,1371.876,6368.569,35180.661
Pct_Assoc_p2534AA17,0.6121264,0.4356371,0.4435896,0.4451601,0.4465986
Pct_Assoc_p2534AA17_SE,0.026993172,0.027560597,0.02535996,0.006145105,0.001101313
Pct_Assoc_p3544AA17,0.5275643,0.4307491,0.5084195,0.4579413,0.4518548
Pct_Assoc_p3544AA17_SE,0.032562095,0.026295569,0.027211141,0.005656863,0.001016695
Pct_Assoc_p4564AA17,0.5339762,0.4488527,0.4739048,0.4098813,0.3992707
Pct_Assoc_p4564AA17_SE,0.024566134,0.018428667,0.015874497,0.00325428,0.000660968
Pct_Assoc_p6599AA17,0.4539871,0.3514842,0.3718349,0.3319139,0.338221
Pct_Assoc_p6599AA17_SE,0.03007898,0.018334,0.017552944,0.003943699,0.000696592
Pop2599AA16,209945,247842,347807,6877185,218475480
Pop2599AA16_SE,320.3647,342.8571,190.2736,4581.7629,41710.0304
Pop2599MA16,97730,114600,160937,3256354,105466484
Pop2599MA16_SE,477.8116,276.5957,211.5502,3379.9392,23844.3769
Pop2599FA16,112215,133242,186870,3620831,113008996
Pop2599FA16_SE,467.4772,256.535,109.4225,3458.3587,22182.9787
Assoc_p2599MA16,51648,46902,64705,1225652,40339023
Assoc_p2599MA16_SE,2058.129,1647.655,2180.635,9554.381,61417.138
Assoc_p2599FA16,63251,59930,80256,1520319,46255095
Assoc_p2599FA16_SE,2389.644,2066.182,2698.141,11136.129,67705.992
Assoc_p2599AA16,114899,106832,144961,2745971,86594118
Assoc_p2599AA16_SE,3153.774,2642.702,3469.169,14673.09,91412.068
Pct_Assoc_p2599AA16,0.5472814,0.4310488,0.4167857,0.3992871,0.3963562
Pct_Assoc_p2599AA16_SE,0.015045103,0.010679512,0.009977014,0.002150109,0.000425196
Pct_Assoc_p2599MA16,0.5284764,0.409267,0.4020517,0.3763878,0.3824819
Pct_Assoc_p2599MA16_SE,0.021217249,0.014411336,0.01355992,0.002959968,0.000588723
Pct_Assoc_p2599FA16,0.563659,0.4497831,0.429475,0.4198812,0.4093045
Pct_Assoc_p2599FA16_SE,0.021424295,0.01553115,0.01444079,0.003101609,0.000604484
Pop2599AW16,100529,156590,197176,4675664,143232044
Pop2599AW16_SE,175.68389,74.77204,279.02736,2082.06687,10920.97264
Assoc_p2599AW16,68186,78743,97842,2075105,62882160
Assoc_p2599AW16_SE,2114.243,2100.326,2530.485,12053.273,68440.779
Pct_Assoc_p2599AW16,0.6782719,0.502861,0.4962166,0.4438097,0.439023
Pct_Assoc_p2599AW16_SE,0.021064556,0.013415048,0.012852833,0.002585438,0.000479003
Pop2599AB16,74917,60510,108725,1407993,25944692
Pop2599AB16_SE,536.1702,634.6505,987.8419,4469.9088,20205.4711
Assoc_p2599AB16,33331,18889,33943,408569,7590518
Assoc_p2599AB16_SE,2092.574,1395.695,1972.128,6982.745,31686.773
Pct_Assoc_p2599AB16,0.4449057,0.3121633,0.3121913,0.2901783,0.2925654
Pct_Assoc_p2599AB16_SE,0.028112805,0.023296747,0.01835912,0.005044195,0.001242392
Pop2599AH16,20835,21736,20061,461251,32331742
Pop2599AH16_SE,0,0,0,2775.076,14721.581
Assoc_p2599AH16,3193,3740,3756,95039,7003567
Assoc_p2599AH16_SE,572.176,620.1022,612.0168,3274.9767,28715.5985
Pct_Assoc_p2599AH16,0.1532517,0.1720648,0.187229,0.2060462,0.2166158
Pct_Assoc_p2599AH16_SE,0.027462251,0.02852881,0.03050779,0.007207612,0.000893615
Pop2534AA16,56190,47580,71413,1321286,44390248
Pop2534AA16_SE,522.8593,355.2618,202.4763,4930.435,20831.5196
Pop3544AA16,42602,45237,65043,1304270,40655592
Pop3544AA16_SE,394.8701,318.7944,159.9385,5053.2908,17138.2703
Pop4564AA16,74361,99308,135821,2683038,84214475
Pop4564AA16_SE,606.8252,417.9777,459.3782,4178.9748,22660.7369
Pop6599AA16,36792,55717,75530,1568591,49215165
Pop6599AA16_SE,534.104,288.7282,415.3262,2218.9394,11518.9523
Assoc_p2534AA16,35807,20219,29151,566193,19467652
Assoc_p2534AA16_SE,1638.636,1384.755,1743.448,7413.138,42280.65
Assoc_p3544AA16,23708,21223,31051,596812,18009728
Assoc_p3544AA16_SE,1547.036,1229.439,1577.041,7452.123,39899.872
Assoc_p4564AA16,38342,45347,59145,1089354,33051291
Assoc_p4564AA16_SE,1884.497,1676.937,2150.182,9383.554,53458.05
Assoc_p6599AA16,17042,20043,25614,493612,16065447
Assoc_p6599AA16_SE,1077.54,1053.156,1279.568,5671.802,29792.068
Pct_Assoc_p2534AA16,0.6372486,0.4249475,0.408203,0.4285166,0.438557
Pct_Assoc_p2534AA16_SE,0.029759166,0.02927616,0.024441014,0.005833964,0.000974457
Pct_Assoc_p3544AA16,0.5564997,0.4691514,0.4773919,0.4575832,0.4429828
Pct_Assoc_p3544AA16_SE,0.036678195,0.027378102,0.024274532,0.005982365,0.00099902
Pct_Assoc_p4564AA16,0.5156197,0.4566299,0.4354629,0.4060151,0.3924657
Pct_Assoc_p4564AA16_SE,0.025689484,0.016995242,0.015899364,0.003554076,0.000643509
Pct_Assoc_p6599AA16,0.4631985,0.3597286,0.3391235,0.314685,0.3264329
Pct_Assoc_p6599AA16_SE,0.03004935,0.018993579,0.017043507,0.003643157,0.000610146
Pop2599AA15,204502,244644,345581,6762644,216447163
Pop2599AA15_SE,252.8875,460.7903,459.5745,5079.0274,42124.0122
Pop2599MA15,95318,113024,160273,3201620,104477394
Pop2599MA15_SE,350.152,352.5836,463.8298,3634.0426,25359.8784
Pop2599FA15,109184,131620,185308,3561024,111969769
Pop2599FA15_SE,432.82675,296.04863,85.71429,3344.68085,21063.82979
Assoc_p2599MA15,46417,46857,66467,1159020,39300671
Assoc_p2599MA15_SE,1951.859,1797.305,2417.605,9730.074,58209.551
Assoc_p2599FA15,61056,55802,79622,1455850,44747632
Assoc_p2599FA15_SE,2240.506,2048.641,2557.841,10667.152,68981.644
Assoc_p2599AA15,107473,102659,146089,2614870,84048303
Assoc_p2599AA15_SE,2971.467,2725.296,3519.569,14438.23,90259.731
Pct_Assoc_p2599AA15,0.5255352,0.4196261,0.4227345,0.3866639,0.3883086
Pct_Assoc_p2599AA15_SE,0.014544787,0.011167845,0.010200002,0.002154657,0.000423798
Pct_Assoc_p2599MA15,0.4869699,0.4145757,0.4147111,0.3620105,0.3761643
Pct_Assoc_p2599MA15_SE,0.020555326,0.015954481,0.015131965,0.003066762,0.000564582
Pct_Assoc_p2599FA15,0.5592028,0.4239629,0.4296738,0.408829,0.3996403
Pct_Assoc_p2599FA15_SE,0.02063985,0.015594001,0.013804619,0.003020041,0.000620644
Pop2599AW15,97635,154424,196502,4607089,142711173
Pop2599AW15_SE,195.7447,693.617,285.1064,2392.7052,10936.1702
Assoc_p2599AW15,67470,76754,99232,1985888,61413842
Assoc_p2599AW15_SE,2125.588,2070.998,2678.113,12169.239,69832.702
Pct_Assoc_p2599AW15,0.6910432,0.4970341,0.5049923,0.4310505,0.4303366
Pct_Assoc_p2599AW15_SE,0.021814802,0.013595666,0.013648614,0.002650886,0.000490439
Pop2599AB15,72355,59577,106237,1386316,25578326
Pop2599AB15_SE,556.231,457.7508,583.5866,3715.5015,16687.538
Assoc_p2599AB15,27081,17995,33147,391999,7276786
Assoc_p2599AB15_SE,1751.864,1390.247,1897.024,6797.869,30060.884
Pct_Assoc_p2599AB15,0.3742796,0.3020461,0.3120099,0.2827631,0.2844903
Pct_Assoc_p2599AB15_SE,0.024382435,0.023450417,0.017938594,0.004961766,0.001189814
Pop2599AH15,20930,21462,21355,450020,31653207
Pop2599AH15_SE,0,0,395.7447,2696.6565,16204.8632
Assoc_p2599AH15,3370,3736,4328,84631,6576392
Assoc_p2599AH15_SE,710.584,641.9934,647.8107,3045.5955,27594.2692
Pct_Assoc_p2599AH15,0.1610129,0.1740751,0.2026692,0.1880605,0.2077638
Pct_Assoc_p2599AH15_SE,0.0339505,0.029913026,0.030566936,0.006860871,0.000878233
Pop2534AA15,54379,47188,72001,1298130,43897832
Pop2534AA15_SE,402.7978,397.0033,469.2903,4989.4847,18740.6068
Pop3544AA15,45132,45636,66628,1312886,40804130
Pop3544AA15_SE,634.8286,240.1031,407.288,4983.3242,16811.0341
Pop4564AA15,70801,96786,133395,2636083,84012721
Pop4564AA15_SE,806.0864,461.8945,540.5855,4550.6668,21483.2032
Pop6599AA15,34190,55034,73557,1515545,47732480
Pop6599AA15_SE,430.1005,419.8324,457.1372,2236.3,11173.1878
Assoc_p2534AA15,30898,22518,29237,537216,18825014
Assoc_p2534AA15_SE,1596.415,1425.652,1835.731,7159.093,43161.038
Assoc_p3544AA15,24573,20280,29559,570355,17677211
Assoc_p3544AA15_SE,1463.109,1218.877,1537.483,6758.84,40213.622
Assoc_p4564AA15,37084,41124,60419,1040607,32544164
Assoc_p4564AA15_SE,1631.794,1600.01,2004.797,8892.714,51117.043
Assoc_p6599AA15,14918,18737,26874,466692,15001914
Assoc_p6599AA15_SE,991.7936,1013.3793,1332.5057,5457.3033,32171.4833
Pct_Assoc_p2534AA15,0.5681973,0.4771976,0.4060638,0.4138384,0.428837
Pct_Assoc_p2534AA15_SE,0.029657363,0.030477754,0.025632908,0.005739732,0.001000115
Pct_Assoc_p3544AA15,0.5444696,0.444386,0.4436423,0.4344284,0.4332211
Pct_Assoc_p3544AA15_SE,0.033310775,0.026810807,0.023234442,0.005405718,0.00100156
Pct_Assoc_p4564AA15,0.5237779,0.4248962,0.452933,0.394755,0.3873719
Pct_Assoc_p4564AA15_SE,0.023806596,0.016655314,0.0151407,0.0034416,0.000616455
Pct_Assoc_p6599AA15,0.4363264,0.3404623,0.3653493,0.3079367,0.3142915
Pct_Assoc_p6599AA15_SE,0.029523022,0.018595965,0.018257021,0.00362944,0.000677999
Pop2599AA14,198727,241997,338558,6661937,213725624
Pop2599AA14_SE,521.5805,275.9878,431.6109,5153.7994,39422.4924
Pop2599MA14,92719,111418,156392,3156700,103101814
Pop2599MA14_SE,402.4316,327.0517,283.2827,3693.617,23760.4863
Pop2599FA14,106008,130579,182166,3505237,110623810
Pop2599FA14_SE,396.9605,203.0395,341.0334,2889.9696,21382.9787
Assoc_p2599MA14,44942,42314,64944,1122309,38262026
Assoc_p2599MA14_SE,1857.126,1673.83,2337.729,9711.503,59985.298
Assoc_p2599FA14,59218,55200,76585,1404647,43422531
Assoc_p2599FA14_SE,2244.001,1994.128,2479.366,10117.108,63980.034
Assoc_p2599AA14,104160,97514,141529,2526956,81684557
Assoc_p2599AA14_SE,2912.809,2603.508,3407.673,14023.878,87702.228
Pct_Assoc_p2599AA14,0.5241361,0.4029554,0.4180347,0.3793125,0.3821936
Pct_Assoc_p2599AA14_SE,0.014721754,0.010768241,0.010079354,0.00212543,0.000416361
Pct_Assoc_p2599MA14,0.4847119,0.3797771,0.4152642,0.3555324,0.3711091
Pct_Assoc_p2599MA14_SE,0.0201398,0.015064279,0.014966794,0.003104472,0.000588059
Pct_Assoc_p2599FA14,0.5586182,0.4227326,0.4204132,0.4007281,0.3925243
Pct_Assoc_p2599FA14_SE,0.021271329,0.015285569,0.013633214,0.002905132,0.000583312
Pop2599AW14,95082,154098,195157,4566400,142031565
Pop2599AW14_SE,120.3647,269.3009,505.7751,1795.7447,9862.0061
Assoc_p2599AW14,63770,73339,99262,1931763,60162283
Assoc_p2599AW14_SE,2027.221,2154.236,2736.327,11934.232,67965.167
Pct_Assoc_p2599AW14,0.6706843,0.4759244,0.5086264,0.4230385,0.4235839
Pct_Assoc_p2599AW14_SE,0.021337664,0.014004368,0.014082985,0.002618778,0.000479425
Pop2599AB14,71015,58728,104736,1359841,25133184
Pop2599AB14_SE,356.8389,437.0821,515.5015,3531.9149,20848.0243
Assoc_p2599AB14,28191,17283,30676,380639,6970631
Assoc_p2599AB14_SE,1769.204,1238.674,1739.882,5855.222,27579.319
Pct_Assoc_p2599AB14,0.3969725,0.2942889,0.2928888,0.2799143,0.2773477
Pct_Assoc_p2599AB14_SE,0.024992831,0.021205127,0.016674502,0.00436676,0.001121184
Pop2599AH14,20400,21377,19312,438807,30696216
Pop2599AH14_SE,0,0,0,2655.319,14994.529
Assoc_p2599AH14,3464,3021,3035,76075,6264593
Assoc_p2599AH14_SE,537.7456,577.218,534.4074,2716.997,26058.7037
Pct_Assoc_p2599AH14,0.1698039,0.1413201,0.1571562,0.1733678,0.2040836
Pct_Assoc_p2599AH14_SE,0.026360076,0.027001823,0.027672295,0.006280027,0.000854756
Pop2534AA14,53375,46472,68881,1279666,43323099
Pop2534AA14_SE,390.7472,317.3474,462.5856,4485.565,19964.7991
Pop3544AA14,42872,46664,67584,1320250,40751359
Pop3544AA14_SE,465.5797,338.2939,375.4581,4642.424,14626.0441
Pop4564AA14,70124,96668,131785,2600872,83436273
Pop4564AA14_SE,628.2151,459.5218,439.29,4276.8463,21161.4461
Pop6599AA14,32356,52193,70308,1461149,46214893
Pop6599AA14_SE,364.2981,309.1214,303.2289,1795.379,11026.6281
Assoc_p2534AA14,31568,18766,31783,522487,18323058
Assoc_p2534AA14_SE,1544.17,1312.237,1747.21,6566.31,41616.55
Assoc_p3544AA14,21870,20866,30148,569686,17422576
Assoc_p3544AA14_SE,1429.836,1219.718,1629.828,6684.704,38549.967
Assoc_p4564AA14,35319,40575,57207,1002839,31975430
Assoc_p4564AA14_SE,1616.715,1531.837,1966.224,8536.134,49227.494
Assoc_p6599AA14,15403,17307,22391,431944,13963493
Assoc_p6599AA14_SE,955.4968,1025.7213,1234.0999,5486.995,30391.5509
Pct_Assoc_p2534AA14,0.5914379,0.403813,0.461419,0.4082995,0.4229397
Pct_Assoc_p2534AA14_SE,0.029252793,0.028371478,0.025554215,0.005327123,0.000980182
Pct_Assoc_p3544AA14,0.5101232,0.4471541,0.4460819,0.4314986,0.4275336
Pct_Assoc_p3544AA14_SE,0.033808245,0.026338554,0.024242583,0.005285666,0.000958344
Pct_Assoc_p4564AA14,0.5036649,0.4197356,0.4340934,0.385578,0.3832318
Pct_Assoc_p4564AA14_SE,0.023492476,0.015971492,0.014989939,0.00334271,0.000597954
Pct_Assoc_p6599AA14,0.4760477,0.3315962,0.3184702,0.2956194,0.3021427
Pct_Assoc_p6599AA14_SE,0.030013213,0.019750355,0.017606424,0.003772787,0.000661553
Pop2599AA13,193326,238654,333468,6568110,210910615
Pop2599AA13_SE,264.4377,573.2523,317.9331,4334.9544,42887.538
Pop2599MA13,90904,110147,154690,3110101,101763080
Pop2599MA13_SE,345.2888,559.8784,178.7234,3665.6535,25926.4438
Pop2599FA13,102422,128507,178778,3458009,109147535
Pop2599FA13_SE,441.9453,279.0274,278.4195,3098.4802,22051.6717
Assoc_p2599MA13,46963,43908,63386,1100003,37368981
Assoc_p2599MA13_SE,2007.68,1821.1,2198.102,10164.69,58810.838
Assoc_p2599FA13,54634,53301,77224,1339711,42103774
Assoc_p2599FA13_SE,1986.62,1922.484,2239.188,9539.509,65303.899
Assoc_p2599AA13,101597,97209,140610,2439714,79472755
Assoc_p2599AA13_SE,2824.437,2648.084,3137.772,13939.984,87882.387
Pct_Assoc_p2599AA13,0.5255217,0.4073219,0.4216596,0.3714484,0.3768078
Pct_Assoc_p2599AA13_SE,0.014627382,0.011138964,0.0094181,0.002136486,0.000423667
Pct_Assoc_p2599MA13,0.5166219,0.3986309,0.4097615,0.3536872,0.3672155
Pct_Assoc_p2599MA13_SE,0.022172728,0.016657056,0.014217609,0.003294761,0.000585443
Pct_Assoc_p2599FA13,0.5334206,0.4147712,0.4319547,0.3874226,0.385751
Pct_Assoc_p2599FA13_SE,0.019532511,0.014987233,0.012543016,0.002780427,0.000603363
Pop2599AW13,92566,153339,194990,4524330,141478073
Pop2599AW13_SE,151.36778,69.90881,344.07295,1720.36474,9830.39514
Assoc_p2599AW13,62477,74418,98744,1884498,58983847
Assoc_p2599AW13_SE,2002.087,2119.751,2401.656,11868.372,66852.187
Pct_Assoc_p2599AW13,0.6749454,0.4853168,0.5064055,0.4165253,0.4169116
Pct_Assoc_p2599AW13_SE,0.021656895,0.013825723,0.012349191,0.00262801,0.000473414
Pop2599AB13,68746,57609,103138,1332148,24615101
Pop2599AB13_SE,516.1094,484.4985,1065.6535,3888.7538,21242.5532
Assoc_p2599AB13,27255,16697,30590,352190,6699832
Assoc_p2599AB13_SE,1774.415,1206.821,1747.306,5623.657,26497.152
Pct_Assoc_p2599AB13,0.3964594,0.2898332,0.2965929,0.2643775,0.2721838
Pct_Assoc_p2599AB13_SE,0.025982214,0.021089813,0.017216373,0.004291461,0.001101789
Pop2599AH13,20434,20544,18794,425173,29673441
Pop2599AH13_SE,0,466.2614,0,2756.8389,17149.5441
Assoc_p2599AH13,4257,2313,3908,71846,5877966
Assoc_p2599AH13_SE,767.4268,524.7856,561.538,2869.1797,26700.6363
Pct_Assoc_p2599AH13,0.2083293,0.1125876,0.2079387,0.1689806,0.1980885
Pct_Assoc_p2599AH13_SE,0.037556368,0.025671955,0.029878576,0.006836635,0.00090707
Pop2534AA13,53032,45723,67738,1269513,42626555
Pop2534AA13_SE,433.3592,571.7964,329.7888,5034.3158,19214.1406
Pop3544AA13,41242,46653,67245,1320217,40608235
Pop3544AA13_SE,632.0768,518.1175,306.6265,4471.6474,15183.3011
Pop4564AA13,68472,95791,131340,2573662,83011835
Pop4564AA13_SE,770.9185,673.1446,603.6159,4231.1613,22184.4015
Pop6599AA13,30580,50487,67145,1404718,44663990
Pop6599AA13_SE,351.1184,392.6478,420.6744,1782.8606,10104.0463
Assoc_p2534AA13,32573,19097,29170,509601,17736987
Assoc_p2534AA13_SE,1683.49,1115.123,1594.236,6583.26,42748.713
Assoc_p3544AA13,20983,20864,31464,557174,17132055
Assoc_p3544AA13_SE,1439.289,1213.796,1507.635,6867.29,37662.317
Assoc_p4564AA13,34949,41745,58404,981185,31552136
Assoc_p4564AA13_SE,1641.581,1642.819,2097.185,8266.966,49598.369
Assoc_p6599AA13,13092,15503,21572,391754,13051577
Assoc_p6599AA13_SE,927.8137,967.4724,1144.2577,4841.3696,28881.2772
Pct_Assoc_p2534AA13,0.6142141,0.4176673,0.4306298,0.4014146,0.4161018
Pct_Assoc_p2534AA13_SE,0.032139129,0.024941703,0.023628527,0.005424478,0.001020254
Pct_Assoc_p3544AA13,0.5087775,0.4472167,0.467901,0.4220321,0.4218862
Pct_Assoc_p3544AA13_SE,0.03575914,0.026487361,0.022521315,0.005394474,0.000940774
Pct_Assoc_p4564AA13,0.510413,0.4357925,0.4446779,0.3812408,0.380092
Pct_Assoc_p4564AA13_SE,0.024653613,0.017421307,0.016097856,0.003272719,0.000606059
Pct_Assoc_p6599AA13,0.428123,0.3070691,0.3212749,0.2788844,0.292217
Pct_Assoc_p6599AA13_SE,0.030736175,0.019311038,0.017160052,0.003464635,0.000650005
Pop2599AA12,184952,236207,328075,6489883,208731498
Pop2599AA12_SE,365.3495,207.9027,151.9757,3784.8024,38457.1429
Pop2599MA12,85014,109824,152584,3084024,100629702
Pop2599MA12_SE,317.3252,179.9392,168.997,3251.6717,21556.231
Pop2599FA12,99938,126383,175491,3405859,108101796
Pop2599FA12_SE,308.2067,237.69,147.1125,2413.3739,20213.3739
Assoc_p2599MA12,40377,41072,58979,1046372,36419334
Assoc_p2599MA12_SE,1543.462,1649.169,1959.848,9118.854,56092.699
Assoc_p2599FA12,55925,51730,69968,1291535,40934298
Assoc_p2599FA12_SE,2137.417,1690.536,2055.98,10005.558,58210.478
Assoc_p2599AA12,96302,92802,128947,2337907,77353632
Assoc_p2599AA12_SE,2636.442,2361.709,2840.433,13537.529,80838.423
Pct_Assoc_p2599AA12,0.5206864,0.3928842,0.3930412,0.3602387,0.3705892
Pct_Assoc_p2599AA12_SE,0.014291797,0.01000445,0.00865979,0.002096496,0.000393257
Pct_Assoc_p2599MA12,0.4749453,0.3739802,0.3865346,0.3392879,0.3619144
Pct_Assoc_p2599MA12_SE,0.018241737,0.015028964,0.012851522,0.002978366,0.000562782
Pct_Assoc_p2599FA12,0.559597,0.4093114,0.3986985,0.3792098,0.3786644
Pct_Assoc_p2599FA12_SE,0.021456947,0.013398427,0.011720351,0.002950012,0.000543113
Pop2599AW12,89041,152133,193079,4484315,140902167
Pop2599AW12_SE,62.61398,44.3769,627.35562,1682.06687,8738.60182
Assoc_p2599AW12,60803,70970,89185,1819723,57771121
Assoc_p2599AW12_SE,1681.314,1983.272,2339.108,11448.859,66865.599
Pct_Assoc_p2599AW12,0.6828652,0.4664997,0.4619094,0.4057973,0.4100087
Pct_Assoc_p2599AW12_SE,0.018888577,0.013037144,0.012207385,0.002557623,0.000475234
Pop2599AB12,64697,56718,99471,1315560,24280587
Pop2599AB12_SE,508.8146,279.6353,846.8085,3763.5258,16615.8055
Assoc_p2599AB12,24040,14552,30657,330373,6423551
Assoc_p2599AB12_SE,1507.954,1034.471,1616.1,5565.229,24402.637
Pct_Assoc_p2599AB12,0.3715783,0.2565676,0.3082004,0.2511273,0.264555
Pct_Assoc_p2599AB12_SE,0.023490428,0.01828266,0.016457442,0.004290882,0.001021203
Pop2599AH12,19636,20632,18417,418817,28910780
Pop2599AH12_SE,0,0,0,2275.38,13841.34
Assoc_p2599AH12,3176,2691,2382,63056,5662266
Assoc_p2599AH12_SE,542.3389,493.4137,473.3045,2487.6865,25546.4125
Pct_Assoc_p2599AH12,0.1617437,0.1304285,0.129337,0.1505574,0.1958531
Pct_Assoc_p2599AH12_SE,0.02761962,0.023914973,0.025699327,0.005995849,0.00088859
Pop2534AA12,50490,46200,67017,1252143,42100846
Pop2534AA12_SE,336.4295,347.6917,305.3784,3909.4234,16912.703
Pop3544AA12,39846,46925,67586,1330471,40698086
Pop3544AA12_SE,412.2984,362.7753,335.1926,3659.8991,16776.9054
Pop4564AA12,64739,94059,127968,2560569,82792089
Pop4564AA12_SE,540.2009,449.3656,407.8733,3947.894,19951.7653
Pop6599AA12,29877,49023,65504,1346700,43140477
Pop6599AA12_SE,391.8597,290.4179,312.4561,1727.796,8746.5872
Assoc_p2534AA12,29453,17808,28260,487881,17220947
Assoc_p2534AA12_SE,1523.273,1203.42,1456.169,6319.565,39815.754
Assoc_p3544AA12,19489,19435,28903,537347,16941912
Assoc_p3544AA12_SE,1243.079,1114.491,1527.377,6911.268,37379.36
Assoc_p4564AA12,34427,40677,50299,951878,31081000
Assoc_p4564AA12_SE,1457.319,1580.613,1717.881,8818.805,47813.08
Assoc_p6599AA12,12933,14882,21485,360801,12109773
Assoc_p6599AA12_SE,864.2295,843.002,1044.5839,4606.8581,27086.0875
Pct_Assoc_p2534AA12,0.5833432,0.3854545,0.4216841,0.3896368,0.4090404
Pct_Assoc_p2534AA12_SE,0.03041916,0.026209076,0.021813146,0.005191543,0.000959892
Pct_Assoc_p3544AA12,0.4891081,0.4141716,0.4276477,0.4038773,0.4162828
Pct_Assoc_p3544AA12_SE,0.031604914,0.023965349,0.022698324,0.005312082,0.000934349
Pct_Assoc_p4564AA12,0.5317815,0.4324626,0.3930592,0.3717447,0.3754103
Pct_Assoc_p4564AA12_SE,0.022943864,0.016931018,0.013482629,0.003491446,0.000584551
Pct_Assoc_p6599AA12,0.4328748,0.3035718,0.3279952,0.2679149,0.2807056
Pct_Assoc_p6599AA12_SE,0.029478154,0.017289834,0.016023437,0.003438075,0.000630432
Pop2599AA11,180509,233078,323125,6399357,206471670
Pop2599AA11_SE,390.8815,326.4438,105.1672,4843.1611,41655.3191
Pop2599MA11,83878,107911,150431,3034749,99453188
Pop2599MA11_SE,395.7447,262.0061,140.4255,4033.4347,21930.6991
Pop2599FA11,96631,125167,172694,3364608,107018482
Pop2599FA11_SE,480.2432,204.8632,150.7599,3751.3678,24435.8663
Assoc_p2599MA11,38119,43478,58885,1022702,35430687
Assoc_p2599MA11_SE,2157.315,1953.707,2474.886,11000.111,62898.629
Assoc_p2599FA11,48019,46934,72049,1258517,39476301
Assoc_p2599FA11_SE,2011.768,1959.398,2779.803,12022.536,70547.383
Assoc_p2599AA11,86138,90412,130934,2281219,74906988
Assoc_p2599AA11_SE,2949.783,2766.986,3721.877,16295.515,94515.453
Pct_Assoc_p2599AA11,0.477195,0.3879045,0.4052116,0.3564763,0.3627955
Pct_Assoc_p2599AA11_SE,0.016374111,0.011883929,0.011519135,0.002560682,0.000463579
Pct_Assoc_p2599MA11,0.4544577,0.4029061,0.3914419,0.3369972,0.3562549
Pct_Assoc_p2599MA11_SE,0.025808894,0.018131213,0.016456027,0.003652286,0.000637305
Pct_Assoc_p2599FA11,0.4969316,0.374971,0.4172062,0.3740457,0.3688737
Pct_Assoc_p2599FA11_SE,0.020965051,0.015666297,0.016100815,0.00359749,0.000664566
Pop2599AW11,86583,151148,192016,4451196,140303930
Pop2599AW11_SE,214.58967,85.71429,720.36474,2117.32523,10154.40729
Assoc_p2599AW11,55473,69701,93723,1791110,56340879
Assoc_p2599AW11_SE,2218.217,2295.693,2922.278,13737.012,74352.401
Pct_Assoc_p2599AW11,0.6406916,0.461144,0.4881,0.4023885,0.4015631
Pct_Assoc_p2599AW11_SE,0.025668706,0.015190629,0.015328698,0.003092069,0.000530735
Pop2599AB11,63171,56099,96324,1292433,23898097
Pop2599AB11_SE,599.3921,310.6383,919.1489,3739.8176,22382.3708
Assoc_p2599AB11,20177,14417,28328,316568,6190979
Assoc_p2599AB11_SE,1475.819,1212.174,1931.648,6687.971,27281.335
Pct_Assoc_p2599AB11,0.3194029,0.2569921,0.2940908,0.2449396,0.2590574
Pct_Assoc_p2599AB11_SE,0.023558044,0.021654575,0.020249054,0.005223027,0.001167068
Pop2599AH11,19258,20176,17930,401821,28157700
Pop2599AH11_SE,NA,NA,NA,2946.505,14966.565
Assoc_p2599AH11,3048,2934,2799,62983,5274813
Assoc_p2599AH11_SE,650.6726,651.9286,629.9319,2909.4812,28251.1146
Pct_Assoc_p2599AH11,0.1582719,0.1454203,0.1561071,0.1567439,0.1873311
Pct_Assoc_p2599AH11_SE,NA,NA,NA,0.007331398,0.001008246
Pop2534AA11,50191,45458,65719,1246395,41540346
Pop2534AA11_SE,571.8611,360.8629,128.9814,4735.3493,18360.9054
Pop3544AA11,36684,47385,67365,1319454,40827710
Pop3544AA11_SE,596.7627,465.1072,422.7482,5101.0989,17265.4097
Pop4564AA11,67024,93116,127770,2557552,82718588
Pop4564AA11_SE,815.6324,449.666,539.3314,4749.0094,23469.3824
Pop6599AA11,26610,47119,62271,1275956,41385026
Pop6599AA11_SE,236.2451,259.0921,384.5339,2038.5709,10377.2548
Assoc_p2534AA11,25914,17835,30139,480659,16653817
Assoc_p2534AA11_SE,1719.551,1301.316,1847.91,8323.301,41670.463
Assoc_p3544AA11,19022,20690,28992,543938,16607639
Assoc_p3544AA11_SE,1268.209,1309.366,1781.769,8265.282,42285.018
Assoc_p4564AA11,31183,38526,53216,934647,30672452
Assoc_p4564AA11_SE,1820.909,1666.374,2020.482,10011.42,55115.595
Assoc_p6599AA11,10019,13361,18587,321975,10973080
Assoc_p6599AA11_SE,907.0461,912.8594,1315.2474,5567.4301,30061.4925
Pct_Assoc_p2534AA11,0.5163077,0.3923402,0.4586041,0.3856394,0.400907
Pct_Assoc_p2534AA11_SE,0.034761515,0.028795707,0.028132753,0.006836737,0.001018663
Pct_Assoc_p3544AA11,0.5185367,0.4366361,0.4303719,0.4122448,0.4067737
Pct_Assoc_p3544AA11_SE,0.035585414,0.027962883,0.026587012,0.006463737,0.001049882
Pct_Assoc_p4564AA11,0.4652513,0.413742,0.4164984,0.3654459,0.3708048
Pct_Assoc_p4564AA11_SE,0.027751698,0.018006867,0.015910861,0.003972836,0.000674557
Pct_Assoc_p6599AA11,0.3765126,0.2835586,0.2984857,0.2523402,0.2651461
Pct_Assoc_p6599AA11_SE,0.034250171,0.019436131,0.02120162,0.004381926,0.000729422
Pop2599AA10,176397,230991,317688,6325621,204288933
Pop2599AA10_SE,295.4407,243.1611,234.6505,5169.6049,44378.7234
Pop2599MA10,82345,106173,148609,2998220,98304845
Pop2599MA10_SE,409.7264,347.1125,235.2584,3193.3131,23855.3191
Pop2599FA10,94052,124818,169079,3327401,105984088
Pop2599FA10_SE,251.0638,254.1033,319.1489,3654.1033,25705.1672
Assoc_p2599MA10,38259,40409,58634,1002887,34657184
Assoc_p2599MA10_SE,1699.548,1651.69,2213.043,9406.373,56211.969
Assoc_p2599FA10,51713,48020,67321,1216148,38473964
Assoc_p2599FA10_SE,1997.599,2099.403,2276.309,10821.842,62941.141
Assoc_p2599AA10,89972,88429,125955,2219035,73131148
Assoc_p2599AA10_SE,2622.759,2671.25,3174.766,14338.483,84388.226
Pct_Assoc_p2599AA10,0.510054,0.3828244,0.3964739,0.3508011,0.357979
Pct_Assoc_p2599AA10_SE,0.014893023,0.011571322,0.009997635,0.00228479,0.000420339
Pct_Assoc_p2599MA10,0.4646184,0.3805958,0.3945521,0.3344941,0.3525481
Pct_Assoc_p2599MA10_SE,0.020768428,0.015606277,0.014904807,0.003157482,0.000578177
Pct_Assoc_p2599FA10,0.5498341,0.3847202,0.398163,0.3654949,0.3630164
Pct_Assoc_p2599FA10_SE,0.021289959,0.016837942,0.01348395,0.003277015,0.000600365
Pop2599AW10,84456,149461,191858,4413897,139695358
Pop2599AW10_SE,154.40729,414.58967,87.53799,2880.24316,11782.37082
Assoc_p2599AW10,54648,67016,89331,1730515,55215353
Assoc_p2599AW10_SE,1857.431,2095.862,2531.588,11480.444,66650.503
Pct_Assoc_p2599AW10,0.6470588,0.4483845,0.46561,0.3920606,0.3952555
Pct_Assoc_p2599AW10_SE,0.022024672,0.014077855,0.013196823,0.002613529,0.000478277
Pop2599AB10,61896,55550,91902,1267686,23530646
Pop2599AB10_SE,571.4286,516.7173,720.9726,4344.6809,19325.8359
Assoc_p2599AB10,23696,15324,24477,311538,5965997
Assoc_p2599AB10_SE,1544.066,1239.539,1604.378,6079.604,24213.888
Pct_Assoc_p2599AB10,0.3828357,0.2758596,0.2663381,0.2457533,0.2535416
Pct_Assoc_p2599AB10_SE,0.02519526,0.022460991,0.017582083,0.004869226,0.001049894
Pop2599AH10,18865,19726,17345,389833,27313996
Pop2599AH10_SE,NA,NA,NA,2843.769,15604.863
Assoc_p2599AH10,3590,1604,4293,62807,5059530
Assoc_p2599AH10_SE,613.9333,344.1653,925.1998,2837.5308,25148.8811
Pct_Assoc_p2599AH10,0.1902995,0.081314,0.2475065,0.1611126,0.1852358
Pct_Assoc_p2599AH10_SE,NA,NA,NA,0.007373111,0.000926794
Pop2534AA10,49634,45152,63928,1243403,40972083
Pop2534AA10_SE,514.6535,368.0604,228.3142,5225.3351,23385.4317
Pop3544AA10,38424,47803,66880,1339385,41192328
Pop3544AA10_SE,604.6417,466.8163,297.1457,4173.9133,17801.9455
Pop4564AA10,61859,92377,126407,2503114,81690997
Pop4564AA10_SE,580.2733,577.878,561.4748,4232.7979,21597.6847
Pop6599AA10,26480,45659,60473,1239719,40433525
Pop6599AA10_SE,288.5496,253.2161,331.8247,1839.8365,10610.6565
Assoc_p2534AA10,28061,16958,26964,462950,16110576
Assoc_p2534AA10_SE,1408.228,1181.871,1675.888,6499.423,42161.83
Assoc_p3544AA10,18965,20227,29917,533927,16463546
Assoc_p3544AA10_SE,1389.239,1271.856,1629.722,7117.712,39442.431
Assoc_p4564AA10,33481,38493,52994,917657,30209059
Assoc_p4564AA10_SE,1582.209,1763.669,2167.615,8818.58,52430.968
Assoc_p6599AA10,9465,12751,16080,304501,10347967
Assoc_p6599AA10_SE,787.8541,833.7627,988.5857,4594.5235,27255.6756
Pct_Assoc_p2534AA10,0.5653584,0.3755758,0.421787,0.372325,0.3932086
Pct_Assoc_p2534AA10_SE,0.028971519,0.026353826,0.026258484,0.005456285,0.001053227
Pct_Assoc_p3544AA10,0.4935717,0.4231324,0.4473236,0.3986359,0.3996751
Pct_Assoc_p3544AA10_SE,0.036980314,0.026925143,0.024448762,0.005457432,0.000972973
Pct_Assoc_p4564AA10,0.541247,0.4166946,0.4192331,0.3666062,0.3697967
Pct_Assoc_p4564AA10_SE,0.02607671,0.019269206,0.017248714,0.003577172,0.000649224
Pct_Assoc_p6599AA10,0.3574396,0.2792659,0.2659038,0.245621,0.2559254
Pct_Assoc_p6599AA10_SE,0.030006665,0.018326203,0.016412539,0.003723984,0.000677424
Pop2599AA09,175087,236228,314315,6150247,201952383
Pop2599AA09_SE,1851.6717,347.1125,523.4043,5389.6657,44400.6079
Pop2599MA09,81031,110320,146476,2916650,97482149
Pop2599MA09_SE,1533.1307,319.7568,512.462,4041.3374,25796.3526
Pop2599FA09,94056,125908,167839,3233597,104470234
Pop2599FA09_SE,426.1398,225.5319,427.9635,3244.3769,23057.7508
Assoc_p2599MA09,39148,41575,55408,977411,34235982
Assoc_p2599MA09_SE,2049.737,1683.332,2087.37,8927.943,58500.21
Assoc_p2599FA09,49839,43699,64923,1179901,37291998
Assoc_p2599FA09_SE,1969.214,1782.856,2187.923,10131.931,61866.064
Assoc_p2599AA09,88987,85274,120331,2157312,71527980
Assoc_p2599AA09_SE,2842.398,2451.976,3023.924,13504.228,85145.079
Pct_Assoc_p2599AA09,0.5082445,0.3609818,0.3828357,0.3507684,0.3541824
Pct_Assoc_p2599AA09_SE,0.017100893,0.010393243,0.00964178,0.002217133,0.00042874
Pct_Assoc_p2599MA09,0.4831237,0.3768582,0.3782736,0.3351143,0.3512026
Pct_Assoc_p2599MA09_SE,0.026896626,0.01529768,0.014311915,0.003096045,0.000607266
Pct_Assoc_p2599FA09,0.5298865,0.3470709,0.3868171,0.3648881,0.3569629
Pct_Assoc_p2599FA09_SE,0.021073805,0.014173632,0.013073102,0.003154647,0.000597406
Pop2599AW09,88891,156603,195221,4362790,139962199
Pop2599AW09_SE,174.4681,109.4225,313.6778,2870.5167,14960.4863
Assoc_p2599AW09,57945,65562,87438,1699699,54754893
Assoc_p2599AW09_SE,1938.013,2031.013,2412.671,11776.944,67960.336
Pct_Assoc_p2599AW09,0.6518658,0.418651,0.4478924,0.3895899,0.391212
Pct_Assoc_p2599AW09_SE,0.021839638,0.012972481,0.012379603,0.00271155,0.000487359
Pop2599AB09,60566,55056,89521,1208179,22975410
Pop2599AB09_SE,710.6383,426.7477,596.3526,4410.3343,17263.2219
Assoc_p2599AB09,22620,14350,25085,307880,5714309
Assoc_p2599AB09_SE,1452.393,1186.187,1597.056,5581.724,24741.826
Pct_Assoc_p2599AB09,0.3734769,0.2606437,0.2802136,0.2548298,0.2487141
Pct_Assoc_p2599AB09_SE,0.024377442,0.021639619,0.017937403,0.004712669,0.001092978
Pop2599AH09,17370,18789,15674,342456,26106587
Pop2599AH09_SE,NA,NA,414.5897,2374.4681,12875.3799
Assoc_p2599AH09,2852,2854,3081,54450,4665288
Assoc_p2599AH09_SE,591.7039,533.4848,535.524,2542.5444,22928.1962
Pct_Assoc_p2599AH09,0.1641911,0.1518974,0.1965676,0.1589985,0.1787016
Pct_Assoc_p2599AH09_SE,NA,NA,0.034559741,0.007505844,0.000882664
Pop2534AA09,50751,45449,65647,1233063,41373577
Pop2534AA09_SE,1074.3692,206.5376,607.4907,5691.5646,19530.1322
Pop3544AA09,38372,49632,67733,1324219,41674213
Pop3544AA09_SE,660.2812,297.7172,386.531,4367.0162,17119.7565
Pop4564AA09,60572,94354,120826,2404039,79397945
Pop4564AA09_SE,776.7429,474.1739,653.9361,3495.5438,21459.6079
Pop6599AA09,25392,46793,60109,1188926,39506648
Pop6599AA09_SE,334.8772,316.2041,420.0362,1862.9889,10410.6082
Assoc_p2534AA09,28713,18213,24929,475115,16119794
Assoc_p2534AA09_SE,1646.252,1232.859,1554.501,6828.72,41826.125
Assoc_p3544AA09,19939,18276,30460,529681,16486461
Assoc_p3544AA09_SE,1323.531,1244.336,1592.05,6992.648,38427.51
Assoc_p4564AA09,31237,36765,49484,877555,29307985
Assoc_p4564AA09_SE,1482.721,1598.224,1846.691,8085.404,48264.459
Assoc_p6599AA09,9098,12020,15458,274961,9613740
Assoc_p6599AA09_SE,812.3123,939.0435,910.6651,4410.6279,24228.5288
Pct_Assoc_p2534AA09,0.5657623,0.4007349,0.3797432,0.3853128,0.3896157
Pct_Assoc_p2534AA09_SE,0.034578273,0.027187267,0.023939028,0.005816593,0.001027531
Pct_Assoc_p3544AA09,0.5196237,0.3682302,0.4497069,0.399995,0.3956034
Pct_Assoc_p3544AA09_SE,0.035632199,0.025168362,0.023644484,0.005442848,0.000936305
Pct_Assoc_p4564AA09,0.5157003,0.3896496,0.4095476,0.3650336,0.3691278
Pct_Assoc_p4564AA09_SE,0.025356205,0.017051405,0.015443779,0.003404882,0.000616013
Pct_Assoc_p6599AA09,0.3583018,0.256876,0.2571661,0.2312684,0.2433449
Pct_Assoc_p6599AA09_SE,0.032337987,0.020142967,0.015256435,0.003727416,0.000616621
Pop2599AA08,168724,225986,310204,6085315,200030018
Pop2599AA08_SE,694.8328,280.2432,294.8328,5264.4377,44310.6383
Pop2599MA08,79907,105636,146675,2894183,96520386
Pop2599MA08_SE,558.6626,258.3587,450.4559,4313.0699,26240.1216
Pop2599FA08,88817,120350,163529,3191132,103509632
Pop2599FA08_SE,430.3951,214.5897,373.8602,3210.3343,22970.2128
Assoc_p2599MA08,37028,39768,55834,959845,33838219
Assoc_p2599MA08_SE,1796.552,1840.069,2008.678,9285.811,59750.469
Assoc_p2599FA08,48702,46379,64573,1123512,36525442
Assoc_p2599FA08_SE,1965.393,1738.28,2179.267,9180.129,55674.749
Assoc_p2599AA08,85730,86147,120407,2083357,70363661
Assoc_p2599AA08_SE,2662.775,2531.299,2963.78,13057.605,81668.82
Pct_Assoc_p2599AA08,0.5081079,0.381205,0.3881542,0.3423581,0.3517655
Pct_Assoc_p2599AA08_SE,0.015919951,0.011211101,0.009561413,0.002166101,0.000415652
Pct_Assoc_p2599MA08,0.4633887,0.3764626,0.3806647,0.3316463,0.3505811
Pct_Assoc_p2599MA08_SE,0.022715255,0.017443274,0.013744559,0.003246283,0.000626339
Pct_Assoc_p2599FA08,0.548341,0.3853677,0.3948719,0.3520732,0.35287
Pct_Assoc_p2599FA08_SE,0.022287536,0.014459878,0.01335703,0.002898485,0.000543541
Pop2599AW08,82876,149457,193864,4328178,139289828
Pop2599AW08_SE,230.3951,220.0608,128.2675,2936.1702,14329.4833
Assoc_p2599AW08,54867,66023,90823,1649858,53834711
Assoc_p2599AW08_SE,1955.411,2094.855,2444.916,10709.139,68475.525
Pct_Assoc_p2599AW08,0.6620373,0.4417525,0.4684882,0.38119,0.3864942
Pct_Assoc_p2599AW08_SE,0.023666086,0.014031526,0.012615307,0.00248776,0.00049321
Pop2599AB08,58693,52920,87455,1203197,22610676
Pop2599AB08_SE,510.0304,206.079,607.2948,3686.3222,19253.4954
Assoc_p2599AB08,21516,13595,20921,280702,5642883
Assoc_p2599AB08_SE,1452.422,1184.936,1403.356,5437.593,26705.038
Pct_Assoc_p2599AB08,0.3665855,0.2568972,0.2392202,0.2332968,0.2495672
Pct_Assoc_p2599AB08_SE,0.024950285,0.022413422,0.016132357,0.004575462,0.001200047
Pop2599AH08,18102,18839,16118,340744,25557507
Pop2599AH08_SE,NA,NA,NA,2810.334,13514.286
Assoc_p2599AH08,3465,3754,3983,58883,4652649
Assoc_p2599AH08_SE,659.8862,726.2947,755.6828,2660.5783,23658.9744
Pct_Assoc_p2599AH08,0.1914153,0.1992675,0.247115,0.1728072,0.1820463
Pct_Assoc_p2599AH08_SE,NA,NA,NA,0.007937157,0.000930707
Pop2534AA08,38991,43343,60448,1223384,40319446
Pop2534AA08_SE,633.6866,294.1175,537.3152,5445.6025,20348.8591
Pop3544AA08,43864,48859,69663,1347230,42744592
Pop3544AA08_SE,626.7911,392.003,665.8478,4914.7298,18964.5137
Pop4564AA08,61771,90669,123802,2381592,78153727
Pop4564AA08_SE,639.7176,443.4095,867.7956,4091.9007,22214.0276
Pop6599AA08,24098,43115,56291,1133109,38812253
Pop6599AA08_SE,205.8673,244.1575,429.4087,1870.0638,9598.8759
Assoc_p2534AA08,20554,17337,23785,440311,15223040
Assoc_p2534AA08_SE,1267.507,1194.037,1390.819,6361.363,40945.838
Assoc_p3544AA08,22197,19552,29567,514561,16885294
Assoc_p3544AA08_SE,1338.369,1326.96,1516.743,6489.021,37996.193
Assoc_p4564AA08,33180,39198,50619,874622,28982990
Assoc_p4564AA08_SE,1572.651,1580.065,1824.505,7869.37,46600.229
Assoc_p6599AA08,9799,10060,16436,253863,9272337
Assoc_p6599AA08_SE,831.5876,743.0362,987.0789,4053.1902,25522.0715
Pct_Assoc_p2534AA08,0.5271473,0.3999954,0.3934787,0.3599123,0.3775607
Pct_Assoc_p2534AA08_SE,0.033617656,0.027681953,0.023272843,0.005441013,0.001033258
Pct_Assoc_p3544AA08,0.5060414,0.4001719,0.424429,0.38194,0.3950276
Pct_Assoc_p3544AA08_SE,0.031356928,0.027348088,0.022147285,0.005014046,0.000906025
Pct_Assoc_p4564AA08,0.5371453,0.4323198,0.4088706,0.3672426,0.3708459
Pct_Assoc_p4564AA08_SE,0.026060016,0.017554516,0.015013377,0.003363953,0.000605509
Pct_Assoc_p6599AA08,0.4066313,0.2333295,0.2919827,0.2240411,0.2389023
Pct_Assoc_p6599AA08_SE,0.03468298,0.017284401,0.017676182,0.003596112,0.000660227
Pop2599AA07,165832,223311,305027,5959907,197892369
Pop2599AA07_SE,269.3009,252.8875,189.6657,4865.6535,41993.921
Pop2599MA07,78929,104581,142961,2829272,95390158
Pop2599MA07_SE,477.2036,271.7325,328.2675,4213.9818,22987.8419
Pop2599FA07,86903,118730,162066,3130635,102502211
Pop2599FA07_SE,418.845,300.304,294.2249,3295.4407,23305.7751
Assoc_p2599MA07,35055,36899,54779,918376,33318722
Assoc_p2599MA07_SE,1562.051,1590.641,2240.328,8643.474,55522.199
Assoc_p2599FA07,46293,47608,65162,1100286,35719577
Assoc_p2599FA07_SE,1860.038,1817.202,2148.861,9032.929,60626.326
Assoc_p2599AA07,81348,84507,119941,2018662,69038299
Assoc_p2599AA07_SE,2428.939,2415.028,3104.299,12502.137,82208.673
Pct_Assoc_p2599AA07,0.4905446,0.3784274,0.3932144,0.338707,0.3488679
Pct_Assoc_p2599AA07_SE,0.014668631,0.010823129,0.010180066,0.002115854,0.000421966
Pct_Assoc_p2599MA07,0.4441333,0.352827,0.3831744,0.324598,0.3492889
Pct_Assoc_p2599MA07_SE,0.019971918,0.015237255,0.015695583,0.003093035,0.000588109
Pct_Assoc_p2599FA07,0.5326974,0.400977,0.4020708,0.3514578,0.3484762
Pct_Assoc_p2599FA07_SE,0.021557045,0.015338901,0.013279251,0.002908956,0.000596747
Pop2599AW07,81972,148525,193040,4254597,138467828
Pop2599AW07_SE,49.24012,171.42857,174.46809,3077.81155,13089.3617
Assoc_p2599AW07,50160,65102,88542,1602210,53067861
Assoc_p2599AW07_SE,1701.29,1959.169,2501.187,10941.736,61487.094
Pct_Assoc_p2599AW07,0.6119163,0.4383235,0.4586718,0.3765833,0.3832505
Pct_Assoc_p2599AW07_SE,0.020757783,0.013200533,0.012963461,0.002586133,0.000445529
Pop2599AB07,56920,52073,84413,1171804,22171628
Pop2599AB07_SE,487.538,242.5532,470.5167,3767.1733,18209.7264
Assoc_p2599AB07,21520,15200,24476,282378,5447075
Assoc_p2599AB07_SE,1472.707,1178.889,1677.775,5252.65,21975.857
Pct_Assoc_p2599AB07,0.3780745,0.2918979,0.2899553,0.2409772,0.2456777
Pct_Assoc_p2599AB07_SE,0.026075146,0.022679954,0.019941395,0.004548985,0.0010115
Pop2599AH07,17428,17890,15312,324968,24823009
Pop2599AH07_SE,NA,NA,NA,2308.815,13555.623
Assoc_p2599AH07,2464,2145,1917,49869,4428513
Assoc_p2599AH07_SE,544.5492,489.4682,481.4555,2453.3771,22282.6778
Pct_Assoc_p2599AH07,0.1413817,0.1198994,0.1251959,0.1534582,0.1784036
Pct_Assoc_p2599AH07_SE,NA,NA,NA,0.007627917,0.000902934
Pop2534AA07,40675,43052,59097,1187658,39987053
Pop2534AA07_SE,695.7555,546.2218,349.6302,5114.1019,20505.0695
Pop3544AA07,41685,49500,69512,1358379,43410417
Pop3544AA07_SE,634.5089,582.9293,647.1952,4694.003,16714.9439
Pop4564AA07,59433,88958,121766,2310834,76654341
Pop4564AA07_SE,502.1983,569.0518,703.7954,4009.4246,19668.6112
Pop6599AA07,24039,41801,54652,1103036,37840558
Pop6599AA07_SE,404.8075,253.5253,305.2289,1845.0528,8953.2665
Assoc_p2534AA07,21628,14769,23500,428978,14917676
Assoc_p2534AA07_SE,1433.589,1070.264,1429.016,6120.565,38731.887
Assoc_p3544AA07,21272,19739,28503,520790,17017506
Assoc_p3544AA07_SE,1357.365,1225.553,1675.102,6600.699,38500.346
Assoc_p4564AA07,30214,39161,53068,818649,28371770
Assoc_p4564AA07_SE,1464.715,1579.771,1940.96,7761.138,40925.822
Assoc_p6599AA07,8234,10838,14870,250245,8731347
Assoc_p6599AA07_SE,660.2445,751.3614,1036.7121,3944.0866,26006.5724
Pct_Assoc_p2534AA07,0.5317271,0.3430503,0.3976513,0.3611966,0.3730627
Pct_Assoc_p2534AA07_SE,0.036399617,0.02523793,0.024295034,0.00538306,0.000987322
Pct_Assoc_p3544AA07,0.5103035,0.3987677,0.4100443,0.3833908,0.3920143
Pct_Assoc_p3544AA07_SE,0.03347608,0.025200059,0.024398572,0.005036615,0.000899645
Pct_Assoc_p4564AA07,0.5083708,0.440219,0.4358195,0.3542656,0.3701261
Pct_Assoc_p4564AA07_SE,0.025016387,0.017980496,0.016137893,0.003414371,0.000542282
Pct_Assoc_p6599AA07,0.3425267,0.2592761,0.2720852,0.2268693,0.2307404
Pct_Assoc_p6599AA07_SE,0.02806469,0.018043378,0.019030103,0.003595745,0.000689432
Pop2599AA06,160342,220050,296975,5845235,195932824
Pop2599AA06_SE,277.8116,319.7568,514.2857,4802.4316,40345.8967
Pop2599MA06,75510,102667,140640,2786525,94359941
Pop2599MA06_SE,291.1854,337.9939,446.8085,3623.1003,23291.7933
Pop2599FA06,84832,117383,156335,3058710,101572883
Pop2599FA06_SE,261.3982,309.4225,532.5228,3135.5623,21492.4012
Assoc_p2599MA06,31902,40256,53779,897935,32636156
Assoc_p2599MA06_SE,1455.371,1687.284,1831.494,8402.004,54476.016
Assoc_p2599FA06,43818,44207,60300,1028109,34740941
Assoc_p2599FA06_SE,1817.527,1832.902,2185.581,8778.897,53998.125
Assoc_p2599AA06,75720,84463,114079,1926044,67377097
Assoc_p2599AA06_SE,2328.414,2491.276,2851.514,12151.654,76703.545
Pct_Assoc_p2599AA06,0.4722406,0.3838355,0.3841367,0.3295067,0.3438786
Pct_Assoc_p2599AA06_SE,0.014544578,0.011335142,0.009624883,0.002096452,0.000397831
Pct_Assoc_p2599MA06,0.4224871,0.3921026,0.3823877,0.3222419,0.3458688
Pct_Assoc_p2599MA06_SE,0.019342618,0.016485153,0.013079109,0.003044198,0.0005836
Pct_Assoc_p2599FA06,0.5165268,0.3766048,0.3857102,0.336125,0.3420297
Pct_Assoc_p2599FA06_SE,0.021484058,0.015646239,0.014041713,0.00289074,0.000536523
Pop2599AW06,80029,147123,190167,4194807,137803202
Pop2599AW06_SE,17.62918,155.0152,88.7538,2547.72036,14697.26444
Assoc_p2599AW06,48654,63335,85176,1542831,51937760
Assoc_p2599AW06_SE,1703.23,1990.272,2191.784,10455.887,60170.841
Pct_Assoc_p2599AW06,0.6079546,0.4304901,0.4479011,0.3677955,0.3768981
Pct_Assoc_p2599AW06_SE,0.021283087,0.013535551,0.011527469,0.002502568,0.00043849
Pop2599AB06,55267,50325,80334,1145348,21877084
Pop2599AB06_SE,469.9088,297.8723,662.0061,3359.8784,14940.4255
Assoc_p2599AB06,18148,15198,21970,258067,5268170
Assoc_p2599AB06_SE,1282.755,1194.323,1513.164,5099.74,23679.768
Pct_Assoc_p2599AB06,0.3283696,0.301997,0.2734832,0.2253175,0.2408077
Pct_Assoc_p2599AB06_SE,0.02337747,0.023799426,0.018970258,0.00450136,0.001094822
Pop2599AH06,16482,17539,13950,304995,24066260
Pop2599AH06_SE,NA,NA,187.234,2505.775,11607.903
Assoc_p2599AH06,2046,2645,1991,43535,4208401
Assoc_p2599AH06_SE,481.1614,529.1967,407.7224,2189.0621,20885.2585
Pct_Assoc_p2599AH06,0.1241354,0.1508068,0.142724,0.14274,0.1748673
Pct_Assoc_p2599AH06_SE,NA,NA,0.029290122,0.007272546,0.000871912
Pop2534AA06,40222,43587,57874,1199937,39905599
Pop2534AA06_SE,251.0049,224.7144,467.6349,4798.3702,20740.7298
Pop3544AA06,40547,50129,68067,1330032,43892631
Pop3544AA06_SE,547.6748,515.6596,484.5747,3994.1927,15197.1469
Pop4564AA06,56526,84623,116961,2243467,74943590
Pop4564AA06_SE,621.6584,540.7017,703.521,3484.4777,18309.0976
Pop6599AA06,23047,41711,54073,1071799,37191004
Pop6599AA06_SE,188.8152,322.8107,444.7809,1682.7051,9278.5014
Assoc_p2534AA06,19747,16599,22720,425734,14783886
Assoc_p2534AA06_SE,1153.006,1189.101,1283.785,6642.719,36666.216
Assoc_p3544AA06,20764,20335,26371,495346,16869597
Assoc_p3544AA06_SE,1388.183,1207.682,1442.018,6281.077,37046.3
Assoc_p4564AA06,28099,37490,49735,779436,27435336
Assoc_p4564AA06_SE,1328.213,1506.966,1698.854,7616.978,44423.424
Assoc_p6599AA06,7110,10039,15253,225528,8288278
Assoc_p6599AA06_SE,607.0815,715.6619,930.6296,3597.6623,23755.1138
Pct_Assoc_p2534AA06,0.4909502,0.3808246,0.392577,0.354797,0.3704715
Pct_Assoc_p2534AA06_SE,0.028829319,0.027351643,0.02240807,0.005714806,0.000938783
Pct_Assoc_p3544AA06,0.5120971,0.4056534,0.3874271,0.3724316,0.3843378
Pct_Assoc_p3544AA06_SE,0.034928146,0.024450194,0.021364067,0.004853136,0.000854447
Pct_Assoc_p4564AA06,0.4970987,0.4430238,0.4252272,0.3474248,0.3660798
Pct_Assoc_p4564AA06_SE,0.024124983,0.018031577,0.014748445,0.003437795,0.000599467
Pct_Assoc_p6599AA06,0.3085,0.2406799,0.2820816,0.2104201,0.2228571
Pct_Assoc_p6599AA06_SE,0.026461996,0.017258441,0.017366317,0.003372875,0.000641148
