GEO.id,GEO.id2,GEO.display-label,HD01_VD01,HD02_VD01,HD01_VD02,HD02_VD02,HD01_VD03,HD02_VD03,HD01_VD04,HD02_VD04,HD01_VD05,HD02_VD05,HD01_VD06,HD02_VD06,HD01_VD07,HD02_VD07,HD01_VD08,HD02_VD08,HD01_VD09,HD02_VD09,HD01_VD10,HD02_VD10,HD01_VD11,HD02_VD11,HD01_VD12,HD02_VD12,HD01_VD13,HD02_VD13,HD01_VD14,HD02_VD14,HD01_VD15,HD02_VD15,HD01_VD16,HD02_VD16,HD01_VD17,HD02_VD17,HD01_VD18,HD02_VD18,HD01_VD19,HD02_VD19,HD01_VD20,HD02_VD20,HD01_VD21,HD02_VD21,HD01_VD22,HD02_VD22,HD01_VD23,HD02_VD23,HD01_VD24,HD02_VD24,HD01_VD25,HD02_VD25,HD01_VD26,HD02_VD26,HD01_VD27,HD02_VD27,HD01_VD28,HD02_VD28,HD01_VD29,HD02_VD29,HD01_VD30,HD02_VD30,HD01_VD31,HD02_VD31,HD01_VD32,HD02_VD32,HD01_VD33,HD02_VD33,HD01_VD34,HD02_VD34,HD01_VD35,HD02_VD35
Id,Id2,Geography,Estimate; Total:,Margin of Error; Total:,Estimate; Male:,Margin of Error; Male:,Estimate; Male: - No schooling completed,Margin of Error; Male: - No schooling completed,Estimate; Male: - Nursery to 4th grade,Margin of Error; Male: - Nursery to 4th grade,Estimate; Male: - 5th and 6th grade,Margin of Error; Male: - 5th and 6th grade,Estimate; Male: - 7th and 8th grade,Margin of Error; Male: - 7th and 8th grade,Estimate; Male: - 9th grade,Margin of Error; Male: - 9th grade,Estimate; Male: - 10th grade,Margin of Error; Male: - 10th grade,Estimate; Male: - 11th grade,Margin of Error; Male: - 11th grade,"Estimate; Male: - 12th grade, no diploma","Margin of Error; Male: - 12th grade, no diploma","Estimate; Male: - High school graduate, GED, or alternative","Margin of Error; Male: - High school graduate, GED, or alternative","Estimate; Male: - Some college, less than 1 year","Margin of Error; Male: - Some college, less than 1 year","Estimate; Male: - Some college, 1 or more years, no degree","Margin of Error; Male: - Some college, 1 or more years, no degree",Estimate; Male: - Associate's degree,Margin of Error; Male: - Associate's degree,Estimate; Male: - Bachelor's degree,Margin of Error; Male: - Bachelor's degree,Estimate; Male: - Master's degree,Margin of Error; Male: - Master's degree,Estimate; Male: - Professional school degree,Margin of Error; Male: - Professional school degree,Estimate; Male: - Doctorate degree,Margin of Error; Male: - Doctorate degree,Estimate; Female:,Margin of Error; Female:,Estimate; Female: - No schooling completed,Margin of Error; Female: - No schooling completed,Estimate; Female: - Nursery to 4th grade,Margin of Error; Female: - Nursery to 4th grade,Estimate; Female: - 5th and 6th grade,Margin of Error; Female: - 5th and 6th grade,Estimate; Female: - 7th and 8th grade,Margin of Error; Female: - 7th and 8th grade,Estimate; Female: - 9th grade,Margin of Error; Female: - 9th grade,Estimate; Female: - 10th grade,Margin of Error; Female: - 10th grade,Estimate; Female: - 11th grade,Margin of Error; Female: - 11th grade,"Estimate; Female: - 12th grade, no diploma","Margin of Error; Female: - 12th grade, no diploma","Estimate; Female: - High school graduate, GED, or alternative","Margin of Error; Female: - High school graduate, GED, or alternative","Estimate; Female: - Some college, less than 1 year","Margin of Error; Female: - Some college, less than 1 year","Estimate; Female: - Some college, 1 or more years, no degree","Margin of Error; Female: - Some college, 1 or more years, no degree",Estimate; Female: - Associate's degree,Margin of Error; Female: - Associate's degree,Estimate; Female: - Bachelor's degree,Margin of Error; Female: - Bachelor's degree,Estimate; Female: - Master's degree,Margin of Error; Female: - Master's degree,Estimate; Female: - Professional school degree,Margin of Error; Female: - Professional school degree,Estimate; Female: - Doctorate degree,Margin of Error; Female: - Doctorate degree
0100000US,,United States,204288933,73003,98304845,39242,1309838,19533,863205,16644,1844940,26376,2167695,24755,1930314,26593,2302183,27870,2576015,28727,1902260,27937,28327366,82754,5820181,44337,14603664,61273,6658718,40979,17385809,64272,6718954,40539,2348646,26378,1545057,20027,105984088,42285,1386205,21659,871416,16546,1770425,22875,2239228,23256,1816323,21766,2282365,22869,2489025,26415,1711578,23363,29898236,82392,7026618,50392,16018705,67120,8894388,49003,18858665,75196,8241201,45327,1560839,19196,918871,15537
0400000US37,37,North Carolina,6325621,8504,2998220,5253,40163,3833,26958,2747,48056,4102,76053,4276,82020,4416,101473,5729,94000,5597,45925,4462,853277,14271,175772,7346,451636,9506,214066,6886,521729,11990,167556,5476,57716,3026,41820,3018,3327401,6011,32160,2741,20647,2418,38188,3121,72507,4270,74011,3847,87567,4910,85471,4355,39628,2805,896365,12797,233281,7049,531428,11936,331650,9959,601389,12238,218582,7415,37747,2731,26780,2349
0500000US37063,37063,"Durham County, North Carolina",176397,486,82345,674,812,457,1246,610,1440,692,1494,676,2803,1132,2010,945,1516,595,1197,648,18253,2304,4040,1110,9275,1741,3684,917,19046,1953,8824,1288,2812,744,3893,974,94052,413,714,367,668,519,2140,690,912,541,1747,845,1731,762,1979,734,777,548,16020,1918,4694,1095,10957,1610,8513,1640,25012,2168,12353,1532,2686,660,3149,791
0500000US37067,37067,"Forsyth County, North Carolina",230991,400,106173,571,950,482,1358,902,1829,969,1612,666,2905,917,2392,905,2358,875,1307,502,30379,2743,4378,923,16296,1944,7279,1245,22202,1943,6488,1159,3000,618,1440,576,124818,418,1583,698,767,420,1176,591,1407,553,2970,1039,2297,712,2572,766,1435,699,35463,2479,6983,1315,20145,2554,9980,1753,25308,2479,9858,1481,1625,486,1249,528
0500000US37081,37081,"Guilford County, North Carolina",317688,386,148609,387,2001,643,1181,745,2499,1193,1709,709,2323,823,4432,1381,3130,1071,1567,654,40377,2925,7143,1349,23613,2461,9833,1530,32373,2677,10919,1637,2692,626,2817,821,169079,525,2101,692,765,483,1509,703,2443,783,2280,807,3724,850,3626,980,2356,584,46049,2810,9550,1251,27355,2587,13796,2045,36543,2411,13532,1811,1827,504,1623,702
