GEO.id,GEO.id2,GEO.display-label,HD01_VD01,HD02_VD01,HD01_VD02,HD02_VD02,HD01_VD03,HD02_VD03,HD01_VD04,HD02_VD04,HD01_VD05,HD02_VD05,HD01_VD06,HD02_VD06,HD01_VD07,HD02_VD07,HD01_VD08,HD02_VD08,HD01_VD09,HD02_VD09,HD01_VD10,HD02_VD10,HD01_VD11,HD02_VD11,HD01_VD12,HD02_VD12,HD01_VD13,HD02_VD13,HD01_VD14,HD02_VD14,HD01_VD15,HD02_VD15,HD01_VD16,HD02_VD16,HD01_VD17,HD02_VD17,HD01_VD18,HD02_VD18,HD01_VD19,HD02_VD19,HD01_VD20,HD02_VD20,HD01_VD21,HD02_VD21,HD01_VD22,HD02_VD22,HD01_VD23,HD02_VD23,HD01_VD24,HD02_VD24,HD01_VD25,HD02_VD25,HD01_VD26,HD02_VD26,HD01_VD27,HD02_VD27,HD01_VD28,HD02_VD28,HD01_VD29,HD02_VD29,HD01_VD30,HD02_VD30,HD01_VD31,HD02_VD31,HD01_VD32,HD02_VD32,HD01_VD33,HD02_VD33,HD01_VD34,HD02_VD34,HD01_VD35,HD02_VD35
Id,Id2,Geography,Estimate; Total:,Margin of Error; Total:,Estimate; Male:,Margin of Error; Male:,Estimate; Male: - No schooling completed,Margin of Error; Male: - No schooling completed,Estimate; Male: - Nursery to 4th grade,Margin of Error; Male: - Nursery to 4th grade,Estimate; Male: - 5th and 6th grade,Margin of Error; Male: - 5th and 6th grade,Estimate; Male: - 7th and 8th grade,Margin of Error; Male: - 7th and 8th grade,Estimate; Male: - 9th grade,Margin of Error; Male: - 9th grade,Estimate; Male: - 10th grade,Margin of Error; Male: - 10th grade,Estimate; Male: - 11th grade,Margin of Error; Male: - 11th grade,"Estimate; Male: - 12th grade, no diploma","Margin of Error; Male: - 12th grade, no diploma","Estimate; Male: - High school graduate, GED, or alternative","Margin of Error; Male: - High school graduate, GED, or alternative","Estimate; Male: - Some college, less than 1 year","Margin of Error; Male: - Some college, less than 1 year","Estimate; Male: - Some college, 1 or more years, no degree","Margin of Error; Male: - Some college, 1 or more years, no degree",Estimate; Male: - Associate's degree,Margin of Error; Male: - Associate's degree,Estimate; Male: - Bachelor's degree,Margin of Error; Male: - Bachelor's degree,Estimate; Male: - Master's degree,Margin of Error; Male: - Master's degree,Estimate; Male: - Professional school degree,Margin of Error; Male: - Professional school degree,Estimate; Male: - Doctorate degree,Margin of Error; Male: - Doctorate degree,Estimate; Female:,Margin of Error; Female:,Estimate; Female: - No schooling completed,Margin of Error; Female: - No schooling completed,Estimate; Female: - Nursery to 4th grade,Margin of Error; Female: - Nursery to 4th grade,Estimate; Female: - 5th and 6th grade,Margin of Error; Female: - 5th and 6th grade,Estimate; Female: - 7th and 8th grade,Margin of Error; Female: - 7th and 8th grade,Estimate; Female: - 9th grade,Margin of Error; Female: - 9th grade,Estimate; Female: - 10th grade,Margin of Error; Female: - 10th grade,Estimate; Female: - 11th grade,Margin of Error; Female: - 11th grade,"Estimate; Female: - 12th grade, no diploma","Margin of Error; Female: - 12th grade, no diploma","Estimate; Female: - High school graduate, GED, or alternative","Margin of Error; Female: - High school graduate, GED, or alternative","Estimate; Female: - Some college, less than 1 year","Margin of Error; Female: - Some college, less than 1 year","Estimate; Female: - Some college, 1 or more years, no degree","Margin of Error; Female: - Some college, 1 or more years, no degree",Estimate; Female: - Associate's degree,Margin of Error; Female: - Associate's degree,Estimate; Female: - Bachelor's degree,Margin of Error; Female: - Bachelor's degree,Estimate; Female: - Master's degree,Margin of Error; Female: - Master's degree,Estimate; Female: - Professional school degree,Margin of Error; Female: - Professional school degree,Estimate; Female: - Doctorate degree,Margin of Error; Female: - Doctorate degree
0100000US,,United States,206471670,68523,99453188,36076,1308021,17115,868906,19101,1822934,27259,2122923,21417,1879003,21150,2266407,28359,2497685,26516,1925008,24108,28649414,85711,5823492,44438,14858708,60955,6852880,50605,17684748,69408,6916715,46417,2401505,24942,1574839,23467,107018482,40197,1427131,18189,882067,15602,1745949,20204,2139675,23842,1771874,26780,2197756,31212,2465578,27851,1768388,22464,30003797,70266,6936563,52924,16203403,69193,9163295,55193,19230711,86633,8509296,46815,1585835,21804,987164,15783
0400000US37,37,North Carolina,6399357,7967,3034749,6635,43921,4142,25490,3403,58363,5435,71332,4998,81399,5636,99163,5425,92190,6281,43857,4261,868590,14509,179013,7451,448729,10566,219197,7985,520111,13186,179804,7843,58378,4045,45212,3454,3364608,6171,37350,3076,17821,2346,37841,4460,74630,4623,65328,4422,95815,5673,88449,5651,43689,4281,876661,15560,230574,8361,537933,12238,339548,10121,616367,13605,237547,9124,36688,3306,28367,3070
0500000US37063,37063,"Durham County, North Carolina",180509,643,83878,651,757,422,1129,712,2676,946,981,702,803,391,1774,955,2390,977,1806,702,18215,1796,3684,1234,11544,1966,4940,1519,18149,2472,8314,1682,2782,690,3934,933,96631,790,1495,995,23,37,1068,704,1482,756,1173,531,1121,496,1437,655,1790,974,16919,1810,5466,1321,16638,2090,5124,1066,22620,2134,14011,1812,2500,901,3764,1080
0500000US37067,37067,"Forsyth County, North Carolina",233078,537,107911,431,1203,502,1229,806,1757,741,1371,546,2347,848,2034,838,2657,990,2151,763,29925,2493,4781,957,14978,1801,8392,1565,22727,2289,7199,1171,2888,794,2272,799,125167,337,1171,525,542,406,1428,561,2659,955,2213,879,2198,822,4094,1215,1424,533,32271,2886,7453,1087,22780,2053,10090,1380,25140,2414,8749,1454,1323,443,1632,589
0500000US37081,37081,"Guilford County, North Carolina",323125,173,150431,231,2157,794,1781,696,1964,775,2178,694,3208,1102,4432,977,3469,1045,2992,934,38398,3202,9402,1841,21565,2207,8738,1863,33898,2994,10596,1606,3370,1013,2283,731,172694,248,2406,821,1176,537,1706,790,2483,846,2462,745,4827,1158,3595,911,2126,734,41644,2911,9095,1228,29125,2650,12907,1780,38964,3384,16604,2343,2041,663,1533,601
