GEO.id,GEO.id2,GEO.display-label,HD01_VD02,HD02_VD02,HD01_VD03,HD02_VD03,HD01_VD04,HD02_VD04,HD01_VD05,HD02_VD05,HD01_VD06,HD02_VD06
Id,Id2,Geography,Estimate; Quintile Upper Limits: - Lowest Quintile,Margin of Error; Quintile Upper Limits: - Lowest Quintile,Estimate; Quintile Upper Limits: - Second Quintile,Margin of Error; Quintile Upper Limits: - Second Quintile,Estimate; Quintile Upper Limits: - Third Quintile,Margin of Error; Quintile Upper Limits: - Third Quintile,Estimate; Quintile Upper Limits: - Fourth Quintile,Margin of Error; Quintile Upper Limits: - Fourth Quintile,Estimate; Lower Limit of Top 5 Percent,Margin of Error; Lower Limit of Top 5 Percent
0100000US,,United States,20826,75,39856,1,62629,159,99715,71,181481,458
0400000US37,37,North Carolina,18433,347,34548,446,54803,296,87251,737,155539,1845
0500000US37063,37063,"Durham County, North Carolina",19924,978,38047,2446,60251,2450,99945,3033,166918,21274
0500000US37067,37067,"Forsyth County, North Carolina",19071,835,35863,2045,54803,2107,87500,3623,155390,8472
0500000US37081,37081,"Guilford County, North Carolina",18835,1892,34867,1512,55968,2452,93216,3344,166841,10007
