GEO.id,GEO.id2,GEO.display-label,HD01_VD02,HD02_VD02,HD01_VD03,HD02_VD03,HD01_VD04,HD02_VD04,HD01_VD05,HD02_VD05,HD01_VD06,HD02_VD06
Id,Id2,Geography,Estimate; Quintile Upper Limits: - Lowest Quintile,Margin of Error; Quintile Upper Limits: - Lowest Quintile,Estimate; Quintile Upper Limits: - Second Quintile,Margin of Error; Quintile Upper Limits: - Second Quintile,Estimate; Quintile Upper Limits: - Third Quintile,Margin of Error; Quintile Upper Limits: - Third Quintile,Estimate; Quintile Upper Limits: - Fourth Quintile,Margin of Error; Quintile Upper Limits: - Fourth Quintile,Estimate; Lower Limit of Top 5 Percent,Margin of Error; Lower Limit of Top 5 Percent
0100000US,,United States,23638,72,45325,79,72384,86,116614,140,219851,591
0400000US37,37,North Carolina,21208,271,40144,300,62826,599,100454,603,188222,2925
0500000US37063,37063,"Durham County, North Carolina",24229,3119,42444,1737,68974,3757,110839,6328,204583,10279
0500000US37067,37067,"Forsyth County, North Carolina",20257,1417,37845,2230,60195,1947,97453,2880,200361,17193
0500000US37081,37081,"Guilford County, North Carolina",19388,1426,36871,1726,59185,2381,99455,4741,194052,13278
