GEO.id,GEO.id2,GEO.display-label,HD01_VD02,HD02_VD02,HD01_VD03,HD02_VD03,HD01_VD04,HD02_VD04,HD01_VD05,HD02_VD05,HD01_VD06,HD02_VD06
Id,Id2,Geography,Estimate; Quintile Upper Limits: - Lowest Quintile,Margin of Error; Quintile Upper Limits: - Lowest Quintile,Estimate; Quintile Upper Limits: - Second Quintile,Margin of Error; Quintile Upper Limits: - Second Quintile,Estimate; Quintile Upper Limits: - Third Quintile,Margin of Error; Quintile Upper Limits: - Third Quintile,Estimate; Quintile Upper Limits: - Fourth Quintile,Margin of Error; Quintile Upper Limits: - Fourth Quintile,Estimate; Lower Limit of Top 5 Percent,Margin of Error; Lower Limit of Top 5 Percent
0100000US,,United States,21769,79,41121,49,64979,60,102106,52,187285,567
0400000US37,37,North Carolina,20002,272,36856,337,57451,630,90007,631,163736,1956
0500000US37063,37063,"Durham County, North Carolina",23987,2200,40987,2890,63598,3423,103840,3705,175930,12719
0500000US37067,37067,"Forsyth County, North Carolina",21143,1141,37294,1704,58755,2632,93345,4054,167182,14273
0500000US37081,37081,"Guilford County, North Carolina",20494,632,38302,1520,58597,2152,91087,3246,172055,10061
