GEO.id,GEO.id2,GEO.display-label,HD01_VD01,HD02_VD01,HD01_VD02,HD02_VD02,HD01_VD03,HD02_VD03,HD01_VD04,HD02_VD04,HD01_VD05,HD02_VD05,HD01_VD06,HD02_VD06,HD01_VD07,HD02_VD07,HD01_VD08,HD02_VD08,HD01_VD09,HD02_VD09,HD01_VD10,HD02_VD10,HD01_VD11,HD02_VD11,HD01_VD12,HD02_VD12,HD01_VD13,HD02_VD13,HD01_VD14,HD02_VD14,HD01_VD15,HD02_VD15,HD01_VD16,HD02_VD16,HD01_VD17,HD02_VD17,HD01_VD18,HD02_VD18,HD01_VD19,HD02_VD19,HD01_VD20,HD02_VD20,HD01_VD21,HD02_VD21
Id,Id2,Geography,Estimate; Total:,Margin of Error; Total:,Estimate; Owner occupied:,Margin of Error; Owner occupied:,Estimate; Owner occupied: - Householder 15 to 24 years,Margin of Error; Owner occupied: - Householder 15 to 24 years,Estimate; Owner occupied: - Householder 25 to 34 years,Margin of Error; Owner occupied: - Householder 25 to 34 years,Estimate; Owner occupied: - Householder 35 to 44 years,Margin of Error; Owner occupied: - Householder 35 to 44 years,Estimate; Owner occupied: - Householder 45 to 54 years,Margin of Error; Owner occupied: - Householder 45 to 54 years,Estimate; Owner occupied: - Householder 55 to 59 years,Margin of Error; Owner occupied: - Householder 55 to 59 years,Estimate; Owner occupied: - Householder 60 to 64 years,Margin of Error; Owner occupied: - Householder 60 to 64 years,Estimate; Owner occupied: - Householder 65 to 74 years,Margin of Error; Owner occupied: - Householder 65 to 74 years,Estimate; Owner occupied: - Householder 75 to 84 years,Margin of Error; Owner occupied: - Householder 75 to 84 years,Estimate; Owner occupied: - Householder 85 years and over,Margin of Error; Owner occupied: - Householder 85 years and over,Estimate; Renter occupied:,Margin of Error; Renter occupied:,Estimate; Renter occupied: - Householder 15 to 24 years,Margin of Error; Renter occupied: - Householder 15 to 24 years,Estimate; Renter occupied: - Householder 25 to 34 years,Margin of Error; Renter occupied: - Householder 25 to 34 years,Estimate; Renter occupied: - Householder 35 to 44 years,Margin of Error; Renter occupied: - Householder 35 to 44 years,Estimate; Renter occupied: - Householder 45 to 54 years,Margin of Error; Renter occupied: - Householder 45 to 54 years,Estimate; Renter occupied: - Householder 55 to 59 years,Margin of Error; Renter occupied: - Householder 55 to 59 years,Estimate; Renter occupied: - Householder 60 to 64 years,Margin of Error; Renter occupied: - Householder 60 to 64 years,Estimate; Renter occupied: - Householder 65 to 74 years,Margin of Error; Renter occupied: - Householder 65 to 74 years,Estimate; Renter occupied: - Householder 75 to 84 years,Margin of Error; Renter occupied: - Householder 75 to 84 years,Estimate; Renter occupied: - Householder 85 years and over,Margin of Error; Renter occupied: - Householder 85 years and over
0100000US,,United States,111617402,145530,75086485,218471,953540,23040,8416916,59288,15284446,54414,17955155,65114,8192074,32593,6396090,32158,9329490,31820,6616917,31691,1941857,15242,36530917,116156,4403040,35045,9618385,50173,7784822,45283,6157804,46675,2203734,24112,1531732,20546,2143895,20123,1773315,18958,914190,11937
0400000US37,37,North Carolina,3454068,13312,2350798,17193,32117,2826,275536,7696,477822,7469,544042,7649,259576,5171,212114,5280,302885,4922,197392,4757,49314,2921,1103270,15595,155515,5968,304153,8714,236955,7424,176654,7919,67986,4776,41306,2708,53367,3138,47003,3072,20331,1763
0500000US37001,37001,"Alamance County, North Carolina",56380,1605,36525,1909,764,470,2953,640,8044,1104,8436,1066,3612,784,3550,869,4933,579,3344,511,889,419,19855,1837,3010,948,5494,1148,4576,1204,2990,1149,765,403,977,658,1035,480,553,288,455,236
0500000US37019,37019,"Brunswick County, North Carolina",39657,2341,29340,2133,468,523,4070,1049,4460,1097,5459,874,2285,506,3434,669,5158,497,3670,509,336,216,10317,1760,771,705,2612,1212,1964,1047,2471,1042,305,233,658,341,898,394,363,298,275,266
0500000US37021,37021,"Buncombe County, North Carolina",92571,2048,64060,2262,731,564,6705,834,10585,1219,14609,1128,8119,1103,5353,855,9269,949,6851,921,1838,567,28511,2260,2988,755,9302,1409,5376,1208,4325,1038,1762,680,1627,679,793,333,1872,675,466,244
0500000US37023,37023,"Burke County, North Carolina",33469,1375,25034,1497,588,365,2300,491,5402,935,5389,597,2792,597,2310,548,3545,394,2015,493,693,277,8435,1219,909,403,1833,686,1861,723,1535,620,561,253,296,300,709,480,667,342,64,108
0500000US37025,37025,"Cabarrus County, North Carolina",59998,1638,41880,2046,1000,653,5085,829,10600,998,8574,845,4414,806,3489,633,5022,657,2859,512,837,366,18118,2028,2649,1111,5031,1173,4112,896,3100,720,1562,675,492,315,291,205,606,279,275,201
0500000US37027,37027,"Caldwell County, North Carolina",30487,1294,22920,1518,90,117,2565,689,4887,872,4204,642,3051,625,1980,553,3677,443,1982,398,484,278,7567,1318,656,512,1863,635,1627,717,1658,638,701,422,195,200,503,288,219,200,145,150
0500000US37035,37035,"Catawba County, North Carolina",57982,1597,42288,2019,416,346,4610,878,8160,977,9212,946,5945,838,2970,657,5992,604,3988,605,995,452,15694,1791,2544,766,4127,962,3206,816,2688,772,836,497,411,391,686,360,764,357,432,300
0500000US37045,37045,"Cleveland County, North Carolina",36260,1611,27043,1944,535,399,2907,836,5219,803,5610,635,3418,624,2092,585,3457,654,2777,595,1028,469,9217,1774,1023,598,2543,784,1795,754,1804,612,449,266,610,354,532,450,397,363,64,105
0500000US37049,37049,"Craven County, North Carolina",39024,1211,25487,1431,811,616,2045,834,4278,888,6054,690,3270,745,2080,528,3581,503,2753,490,615,306,13537,1558,1529,644,4575,940,2187,850,2282,688,770,486,747,468,516,321,654,349,277,216
0500000US37051,37051,"Cumberland County, North Carolina",119066,2182,70911,2827,1594,720,7904,1387,14250,1613,16760,1512,9129,1269,5882,869,8554,785,5758,824,1080,422,48155,3218,8835,1384,12772,1586,11708,1777,8448,1583,2563,1010,1472,601,1562,596,621,408,174,157
0500000US37057,37057,"Davidson County, North Carolina",61220,1589,46103,1750,275,224,4989,794,8940,1228,11209,1088,5115,796,4125,828,6505,772,4173,570,772,358,15117,2114,1880,906,4315,1129,3249,1115,2770,897,1020,568,744,431,491,241,484,342,164,148
0500000US37063,37063,"Durham County, North Carolina",100118,2121,55469,2616,884,557,7588,1237,13343,1345,12699,1341,5512,1085,4900,898,5418,717,4243,672,882,314,44649,2471,5452,992,14415,1765,10134,1485,6723,1200,2464,668,1519,687,1811,644,1248,439,883,421
0500000US37067,37067,"Forsyth County, North Carolina",133056,2646,86497,2726,783,350,8463,1114,17812,1734,19893,1255,10676,1053,7457,898,11447,634,7751,797,2215,585,46559,2630,6162,1053,12492,1576,10584,1520,7427,1369,3208,965,1626,519,1871,557,2316,679,873,287
0500000US37071,37071,"Gaston County, North Carolina",73886,1780,52787,2243,641,342,6947,896,10803,1081,11843,966,5298,1003,5275,933,6620,713,4204,644,1156,487,21099,1985,1779,640,5631,1187,4147,1144,3767,943,2483,889,1117,631,1175,477,508,278,492,363
0500000US37081,37081,"Guilford County, North Carolina",184180,2372,115911,3149,1482,573,12607,1498,23306,1591,29629,1725,12910,1343,10247,1322,13787,1051,10408,824,1535,443,68269,3390,11178,1442,16994,1679,14517,1806,10659,1349,5577,1280,1582,491,3177,919,2929,798,1656,518
0500000US37085,37085,"Harnett County, North Carolina",36269,1109,24602,1306,245,139,3867,730,5754,766,5682,694,2682,596,1628,465,2783,432,1639,296,322,157,11667,1299,921,402,3092,739,3857,900,1739,490,667,448,376,195,463,235,424,254,128,108
0500000US37089,37089,"Henderson County, North Carolina",42053,1489,30955,1780,314,507,2854,899,4252,760,5926,740,2591,531,3257,679,5373,619,4457,734,1931,570,11098,1722,1113,842,2703,1087,2469,913,2139,814,1052,668,124,144,253,175,503,331,742,434
0500000US37097,37097,"Iredell County, North Carolina",55684,1888,41457,1837,577,384,4946,1018,9570,1151,8928,791,3529,765,3760,693,5809,736,3672,770,666,335,14227,1686,1652,724,4288,1076,2846,739,2113,719,832,480,813,397,486,320,617,393,580,482
0500000US37101,37101,"Johnston County, North Carolina",54255,1356,39704,1914,456,277,5781,1148,10222,1211,8354,900,4603,966,3017,795,4378,687,2389,622,504,278,14551,1781,1269,604,4080,1035,3092,956,2881,965,779,528,960,559,569,307,550,325,371,263
0500000US37109,37109,"Lincoln County, North Carolina",27271,976,20845,1295,576,347,2287,655,4736,691,4190,754,2386,497,2404,573,2378,535,1466,317,422,323,6426,1030,407,326,2496,870,1652,736,1054,453,309,423,0,281,277,246,231,203,0,281
0500000US37119,37119,"Mecklenburg County, North Carolina",335891,2809,215860,4031,2483,705,30630,2148,53968,2299,54506,2167,23588,1905,16086,1676,19473,1111,12224,1200,2902,764,120031,4351,16025,1851,36134,2503,27996,2507,18948,2245,6802,1401,4161,1158,4881,1003,3631,787,1453,553
0500000US37125,37125,"Moore County, North Carolina",31154,1888,23823,1570,189,222,1800,644,3629,650,4879,1050,2163,589,2435,622,4251,463,3704,492,773,337,7331,1327,529,398,2125,856,1749,569,1019,576,251,212,72,124,223,208,673,299,690,439
0500000US37127,37127,"Nash County, North Carolina",35455,1266,22854,1554,269,206,1712,557,4503,881,5486,782,2689,514,2141,466,3382,506,2121,539,551,268,12601,1598,1523,543,1930,787,3999,882,2107,666,881,402,607,394,724,371,771,348,59,98
0500000US37129,37129,"New Hanover County, North Carolina",81855,2033,50844,2358,1135,503,6656,1183,9160,1333,10983,1329,4914,758,5199,856,6788,590,5062,721,947,382,31011,2717,6051,1182,6950,1178,6203,1287,5284,1297,1677,705,1306,592,1550,494,1332,470,658,305
0500000US37133,37133,"Onslow County, North Carolina",53631,1080,31148,1731,1049,416,3786,841,6764,857,6638,763,3017,731,2558,626,4606,604,2176,362,554,324,22483,1836,5352,902,8240,1253,3787,953,2390,779,1252,618,375,252,715,301,302,205,70,83
0500000US37135,37135,"Orange County, North Carolina",48522,1492,29110,1411,662,551,2222,609,6538,850,7714,888,3546,672,3040,603,3368,585,1819,473,201,186,19412,1752,5917,1193,6239,1111,2087,866,2094,711,933,381,356,303,701,472,662,364,423,268
0500000US37147,37147,"Pitt County, North Carolina",62232,1868,35246,1765,1288,674,5879,993,7358,1048,7861,1046,3895,756,2809,780,3727,465,1646,518,783,454,26986,2203,8578,1425,6769,1054,4023,915,2823,863,929,489,889,535,1128,400,1127,476,720,495
0500000US37151,37151,"Randolph County, North Carolina",53742,1452,39576,1889,371,254,4825,1125,7715,1016,9296,846,3545,650,4413,768,5183,791,3218,597,1010,347,14166,1865,1299,549,4913,1293,2599,808,2085,928,854,450,540,325,917,454,796,476,163,136
0500000US37155,37155,"Robeson County, North Carolina",42811,1306,28135,1787,418,280,3584,968,5493,1132,5353,785,3588,699,2795,683,4126,531,2184,773,594,413,14676,1860,1748,607,4229,1289,2949,990,2149,654,981,560,836,516,617,241,963,486,204,250
0500000US37157,37157,"Rockingham County, North Carolina",37089,1549,25378,1602,293,202,3559,743,4238,1060,5304,832,2711,684,2502,574,3672,681,2647,430,452,229,11711,1629,559,343,2434,798,2605,819,2283,739,884,551,885,473,1146,585,697,368,218,162
0500000US37159,37159,"Rowan County, North Carolina",51268,1591,36629,1749,256,211,3078,723,7413,897,8187,815,3634,667,3810,647,4892,583,4175,666,1184,467,14639,1764,1627,566,4540,1219,2961,1014,2278,750,809,325,426,229,810,410,714,397,474,397
0500000US37171,37171,"Surry County, North Carolina",27662,1220,19970,1213,62,76,1703,549,3190,685,4784,703,2289,676,2308,634,3103,621,1536,504,995,483,7692,1320,702,462,1838,680,1856,833,898,429,347,251,144,179,1104,468,803,499,0,281
0500000US37179,37179,"Union County, North Carolina",60768,1112,47987,2053,189,202,9300,1165,11317,1169,11112,848,4339,840,3903,799,4839,485,2382,406,606,357,12781,1731,2195,723,3587,1266,3271,999,2010,619,638,470,443,379,310,207,268,206,59,95
0500000US37183,37183,"Wake County, North Carolina",294821,3300,194887,3591,1476,626,28562,1921,48249,2006,52742,2304,21222,1918,16123,1574,16963,1156,8026,968,1524,483,99934,3936,13327,1655,31941,2581,23369,2225,14429,2032,5863,1334,2950,956,3357,841,3194,638,1504,571
0500000US37191,37191,"Wayne County, North Carolina",43813,1243,29074,1412,303,223,3336,707,5531,879,6809,737,3107,624,2545,525,4320,420,2628,426,495,195,14739,1214,1612,450,3830,687,3643,844,2093,473,1020,317,900,296,914,274,476,253,251,161
0500000US37193,37193,"Wilkes County, North Carolina",25748,1214,19812,1368,163,165,2007,575,4091,830,3534,499,2346,584,2402,661,3165,445,1743,422,361,226,5936,1112,556,339,1967,772,987,543,1191,518,358,206,119,132,536,340,184,157,38,65
0500000US37195,37195,"Wilson County, North Carolina",29596,1211,18776,1443,151,168,1853,634,3563,775,4332,676,2876,709,1262,371,2779,523,1673,394,287,215,10820,1479,1457,580,2863,710,2069,814,1924,651,421,211,740,432,752,523,464,263,130,159
