GEO.id,GEO.id2,GEO.display-label,HD01_VD01,HD02_VD01,HD01_VD02,HD02_VD02,HD01_VD03,HD02_VD03,HD01_VD04,HD02_VD04,HD01_VD05,HD02_VD05,HD01_VD06,HD02_VD06,HD01_VD07,HD02_VD07,HD01_VD08,HD02_VD08,HD01_VD09,HD02_VD09,HD01_VD10,HD02_VD10,HD01_VD11,HD02_VD11,HD01_VD12,HD02_VD12,HD01_VD13,HD02_VD13,HD01_VD14,HD02_VD14,HD01_VD15,HD02_VD15,HD01_VD16,HD02_VD16,HD01_VD17,HD02_VD17,HD01_VD18,HD02_VD18,HD01_VD19,HD02_VD19
Id,Id2,Geography,Estimate; Total:,Margin of Error; Total:,Estimate; Male:,Margin of Error; Male:,Estimate; Male: - Less than 9th grade,Margin of Error; Male: - Less than 9th grade,"Estimate; Male: - 9th to 12th grade, no diploma","Margin of Error; Male: - 9th to 12th grade, no diploma",Estimate; Male: - Regular high school diploma,Margin of Error; Male: - Regular high school diploma,Estimate; Male: - GED or alternative credential,Margin of Error; Male: - GED or alternative credential,"Estimate; Male: - Some college, no degree","Margin of Error; Male: - Some college, no degree",Estimate; Male: - Associate's degree,Margin of Error; Male: - Associate's degree,Estimate; Male: - Bachelor's degree,Margin of Error; Male: - Bachelor's degree,Estimate; Male: - Graduate degree,Margin of Error; Male: - Graduate degree,Estimate; Female:,Margin of Error; Female:,Estimate; Female: - Less than 9th grade,Margin of Error; Female: - Less than 9th grade,"Estimate; Female: - 9th to 12th grade, no diploma","Margin of Error; Female: - 9th to 12th grade, no diploma",Estimate; Female: - Regular high school diploma,Margin of Error; Female: - Regular high school diploma,Estimate; Female: - GED or alternative credential,Margin of Error; Female: - GED or alternative credential,"Estimate; Female: - Some college, no degree","Margin of Error; Female: - Some college, no degree",Estimate; Female: - Associate's degree,Margin of Error; Female: - Associate's degree,Estimate; Female: - Bachelor's degree,Margin of Error; Female: - Bachelor's degree,Estimate; Female: - Graduate degree,Margin of Error; Female: - Graduate degree
0100000US,,United States,139695358,19382,67529073,12536,2035145,22509,4520243,38863,16508194,55542,3121065,26983,14591029,50979,4914378,32055,13552163,52572,8286856,39561,72166285,11687,2019883,21625,4373996,34523,18853676,68741,2444430,23418,16012344,56455,6410529,37528,13966337,59568,8085090,41326
0400000US37,37,North Carolina,4413897,4738,2106647,3719,85571,4544,184910,6267,469859,10401,111376,5615,446458,9594,166476,5760,424013,10478,217984,5444,2307250,2247,70802,4567,158779,5174,535119,9617,98187,5422,522321,10858,246011,7362,458643,8929,217388,7080
0500000US37063,37063,"Durham County, North Carolina",84456,254,39438,76,505,320,1410,716,5501,1214,1455,655,5230,1089,1906,570,12381,1436,11050,1420,45018,210,651,384,984,471,7491,1358,618,350,5963,1150,3947,1083,13906,1424,11458,1316
0500000US37067,37067,"Forsyth County, North Carolina",149461,682,69539,306,1367,591,4059,926,15508,1730,2738,824,14042,1679,5961,1144,17701,1569,8163,1118,79922,378,1328,542,3764,876,19163,1863,2180,624,18296,1907,7222,1383,17753,1800,10216,1309
0500000US37081,37081,"Guilford County, North Carolina",191858,144,90456,144,1746,574,5683,1120,19283,2253,3341,815,17334,1725,7265,1313,23368,2072,12436,1586,101402,289,2129,702,5021,942,24233,2034,2994,791,20763,2431,8962,1688,24755,1863,12545,1578
