GEO.id,GEO.id2,GEO.display-label,HD01_VD01,HD02_VD01,HD01_VD02,HD02_VD02,HD01_VD03,HD02_VD03,HD01_VD04,HD02_VD04,HD01_VD05,HD02_VD05,HD01_VD06,HD02_VD06,HD01_VD07,HD02_VD07,HD01_VD08,HD02_VD08
Id,Id2,Geography,Estimate; Total:,Margin of Error; Total:,Estimate; Total: - Under 18 years,Margin of Error; Total: - Under 18 years,Estimate; Total: - 18 to 24 years,Margin of Error; Total: - 18 to 24 years,Estimate; Total: - 25 to 34 years,Margin of Error; Total: - 25 to 34 years,Estimate; Total: - 35 to 44 years,Margin of Error; Total: - 35 to 44 years,Estimate; Total: - 45 to 54 years,Margin of Error; Total: - 45 to 54 years,Estimate; Total: - 55 to 64 years,Margin of Error; Total: - 55 to 64 years,Estimate; Total: - 65 years and over,Margin of Error; Total: - 65 years and over
0100000US,,United States,323127515,*****,73637743,33343,31014292,41672,44390248,35773,40655592,30669,42755590,35864,41458885,18953,49215165,22133
0400000US37,37,North Carolina,10146788,*****,2296894,3700,972709,6929,1321286,8630,1304270,9213,1385796,6911,1297242,3681,1568591,3631
0500000US37063,37063,"Durham County, North Carolina",306212,*****,66151,131,30116,542,56190,944,42602,676,38923,708,35438,667,36792,706
0500000US37067,37067,"Forsyth County, North Carolina",371511,*****,87343,434,36326,385,47580,681,45237,602,50660,419,48648,770,55717,504
0500000US37081,37081,"Guilford County, North Carolina",521330,*****,118162,307,55361,207,71413,334,65043,293,71396,342,64425,695,75530,695
