GEO.id,GEO.id2,GEO.display-label,rescen42010,resbase42010,respop72010,respop72011,respop72012,respop72013,respop72014,respop72015,respop72016,respop72017
Id,Id2,Geography,"April 1, 2010 - Census","April 1, 2010 - Estimates Base",Population Estimate (as of July 1) - 2010,Population Estimate (as of July 1) - 2011,Population Estimate (as of July 1) - 2012,Population Estimate (as of July 1) - 2013,Population Estimate (as of July 1) - 2014,Population Estimate (as of July 1) - 2015,Population Estimate (as of July 1) - 2016,Population Estimate (as of July 1) - 2017
0100000US,,United States,308745538,308758105,309338421,311644280,313993272,316234505,318622525,321039839,323405935,325719178
0400000US37,37,North Carolina,9535483,9535721,9574247,9662940,9755299,9849812,9941160,10041769,10156689,10273419
0500000US37063,37063,"Durham County, North Carolina",267587,269984,271327,276881,282996,288960,295462,301174,307090,311640
0500000US37067,37067,"Forsyth County, North Carolina",350670,350674,351421,354835,357937,361000,364956,367922,371614,376320
0500000US37081,37081,"Guilford County, North Carolina",488406,488418,489548,495241,500831,506771,512541,517722,521996,526953
