GEO.id,GEO.id2,GEO.display-label,HD01_VD01,HD02_VD01,HD01_VD02,HD02_VD02,HD01_VD03,HD02_VD03,HD01_VD04,HD02_VD04,HD01_VD05,HD02_VD05,HD01_VD06,HD02_VD06,HD01_VD07,HD02_VD07,HD01_VD08,HD02_VD08,HD01_VD09,HD02_VD09,HD01_VD10,HD02_VD10,HD01_VD11,HD02_VD11,HD01_VD12,HD02_VD12,HD01_VD13,HD02_VD13,HD01_VD14,HD02_VD14,HD01_VD15,HD02_VD15,HD01_VD16,HD02_VD16,HD01_VD17,HD02_VD17,HD01_VD18,HD02_VD18,HD01_VD19,HD02_VD19
Id,Id2,Geography,Estimate; Total:,Margin of Error; Total:,Estimate; Male:,Margin of Error; Male:,Estimate; Male: - Less than 9th grade,Margin of Error; Male: - Less than 9th grade,"Estimate; Male: - 9th to 12th grade, no diploma","Margin of Error; Male: - 9th to 12th grade, no diploma",Estimate; Male: - Regular high school diploma,Margin of Error; Male: - Regular high school diploma,Estimate; Male: - GED or alternative credential,Margin of Error; Male: - GED or alternative credential,"Estimate; Male: - Some college, no degree","Margin of Error; Male: - Some college, no degree",Estimate; Male: - Associate's degree,Margin of Error; Male: - Associate's degree,Estimate; Male: - Bachelor's degree,Margin of Error; Male: - Bachelor's degree,Estimate; Male: - Graduate or professional degree,Margin of Error; Male: - Graduate or professional degree,Estimate; Female:,Margin of Error; Female:,Estimate; Female: - Less than 9th grade,Margin of Error; Female: - Less than 9th grade,"Estimate; Female: - 9th to 12th grade, no diploma","Margin of Error; Female: - 9th to 12th grade, no diploma",Estimate; Female: - Regular high school diploma,Margin of Error; Female: - Regular high school diploma,Estimate; Female: - GED or alternative credential,Margin of Error; Female: - GED or alternative credential,"Estimate; Female: - Some college, no degree","Margin of Error; Female: - Some college, no degree",Estimate; Female: - Associate's degree,Margin of Error; Female: - Associate's degree,Estimate; Female: - Bachelor's degree,Margin of Error; Female: - Bachelor's degree,Estimate; Female: - Graduate or professional degree,Margin of Error; Female: - Graduate or professional degree
0100000US,,United States,32331742,24217,16133203,15376,3197591,33056,2350149,25668,3989168,30680,714233,14434,2739121,27360,909311,18828,1521896,22183,711734,15345,16198539,14681,3058088,30757,2027013,26584,3676837,29950,606332,13248,2969643,25094,1132505,18068,1863930,22660,864191,17589
0400000US37,37,North Carolina,461251,4565,238730,3431,66251,4505,36734,3436,47958,3287,9098,1911,34104,3883,12930,2163,21448,2347,10207,1769,222521,3706,51852,4166,31954,3244,46241,4580,8338,1375,33682,2853,13870,2117,25451,2813,11133,1820
0500000US37063,37063,"Durham County, North Carolina",20835,*****,10967,483,3994,1285,1696,650,2300,966,394,378,998,551,700,520,401,310,484,296,9868,483,3823,1005,1725,713,1670,563,493,409,549,301,682,510,381,231,545,344
0500000US37067,37067,"Forsyth County, North Carolina",21736,*****,11134,*****,2296,951,1875,551,3529,1027,258,252,1213,624,147,188,1656,735,160,152,10602,*****,3407,975,873,455,2062,805,962,488,1521,635,363,296,1006,467,408,369
0500000US37081,37081,"Guilford County, North Carolina",20061,*****,10258,*****,2847,861,1578,772,2484,715,714,570,1086,547,141,162,1056,588,352,239,9803,*****,2293,846,1632,634,2017,639,171,156,1483,627,617,374,1264,614,326,260
