GEO.id,GEO.id2,GEO.display-label,HD01_VD01,HD02_VD01,HD01_VD02,HD02_VD02,HD01_VD03,HD02_VD03,HD01_VD04,HD02_VD04,HD01_VD05,HD02_VD05,HD01_VD06,HD02_VD06,HD01_VD07,HD02_VD07,HD01_VD08,HD02_VD08,HD01_VD09,HD02_VD09,HD01_VD10,HD02_VD10,HD01_VD11,HD02_VD11,HD01_VD12,HD02_VD12,HD01_VD13,HD02_VD13,HD01_VD14,HD02_VD14,HD01_VD15,HD02_VD15,HD01_VD16,HD02_VD16,HD01_VD17,HD02_VD17,HD01_VD18,HD02_VD18,HD01_VD19,HD02_VD19
Id,Id2,Geography,Estimate; Total:,Margin of Error; Total:,Estimate; Male:,Margin of Error; Male:,Estimate; Male: - Less than 9th grade,Margin of Error; Male: - Less than 9th grade,"Estimate; Male: - 9th to 12th grade, no diploma","Margin of Error; Male: - 9th to 12th grade, no diploma",Estimate; Male: - Regular high school diploma,Margin of Error; Male: - Regular high school diploma,Estimate; Male: - GED or alternative credential,Margin of Error; Male: - GED or alternative credential,"Estimate; Male: - Some college, no degree","Margin of Error; Male: - Some college, no degree",Estimate; Male: - Associate's degree,Margin of Error; Male: - Associate's degree,Estimate; Male: - Bachelor's degree,Margin of Error; Male: - Bachelor's degree,Estimate; Male: - Graduate degree,Margin of Error; Male: - Graduate degree,Estimate; Female:,Margin of Error; Female:,Estimate; Female: - Less than 9th grade,Margin of Error; Female: - Less than 9th grade,"Estimate; Female: - 9th to 12th grade, no diploma","Margin of Error; Female: - 9th to 12th grade, no diploma",Estimate; Female: - Regular high school diploma,Margin of Error; Female: - Regular high school diploma,Estimate; Female: - GED or alternative credential,Margin of Error; Female: - GED or alternative credential,"Estimate; Female: - Some college, no degree","Margin of Error; Female: - Some college, no degree",Estimate; Female: - Associate's degree,Margin of Error; Female: - Associate's degree,Estimate; Female: - Bachelor's degree,Margin of Error; Female: - Bachelor's degree,Estimate; Female: - Graduate degree,Margin of Error; Female: - Graduate degree
0100000US,,United States,28910780,22769,14487980,15487,3151781,31606,2290452,25420,3424661,29726,607392,12794,2460560,26519,733809,14245,1235576,22155,583749,13729,14422800,12070,2997371,23873,1974258,23475,3175710,28539,498302,11477,2668027,25243,937310,16028,1492625,21011,679197,13616
0400000US37,37,North Carolina,418817,3743,224799,3333,74264,5301,37970,3745,48367,3971,6995,1633,29944,2997,7000,1431,13534,1927,6725,1403,194018,2726,55172,4194,27856,2979,38313,3648,5288,1312,31592,3109,8668,1615,19696,2198,7433,1256
0500000US37063,37063,"Durham County, North Carolina",19636,*****,10906,264,5896,924,1495,555,942,465,189,184,873,414,445,359,978,533,88,116,8730,265,3396,924,976,566,1443,745,0,193,1250,594,381,301,803,436,481,298
0500000US37067,37067,"Forsyth County, North Carolina",20632,*****,10837,*****,3888,914,2319,742,2441,750,157,151,1020,480,287,294,438,335,287,256,9795,*****,3665,726,1481,674,1906,528,101,136,963,448,442,290,976,498,261,250
0500000US37081,37081,"Guilford County, North Carolina",18417,*****,9797,*****,1986,781,1956,735,3287,905,219,258,1054,585,164,132,672,403,459,295,8620,*****,2025,749,2037,756,2323,695,118,140,1030,484,0,193,797,492,290,245
