subtype,geo_area,estimate,se,type,year,estimate_adj,se_adj,moe_adj,cv_adj
24,North Carolina,10,0.20448456879698504,AGEP,2008,11.39,0.18,0.35,1.58
44,North Carolina,16.176470588235293,0.35932358304687484,AGEP,2008,18.42,0.32,0.63,1.74
64,North Carolina,19.607843137254903,0.36839670695432114,AGEP,2008,22.33,0.32,0.63,1.43
1,North Carolina,17.825311942959,0.361382427107242,SEX,2008,20.3,0.32,0.63,1.58
2,North Carolina,16.042780748663102,0.3187755497996491,SEX,2008,18.27,0.28,0.55,1.53
1,North Carolina,19.934640522875817,0.5965602520368255,RAC1P,2008,22.7,0.52,1.02,2.29
2,North Carolina,13.72549019607843,0.5588060048745952,RAC1P,2008,15.63,0.49,0.96,3.13
3,North Carolina,10.15551048005409,0.2810982606981755,RAC1P,2008,11.57,0.25,0.49,2.16
4,North Carolina,16.519607843137255,1.5324827681354607,RAC1P,2008,18.81,1.35,2.65,7.18
100,North Carolina,17.15686274509804,0.23221456214523903,total,2008,19.54,0.2,0.39,1.02
24,"Durham County, NC",10.1010101010101,0.46043575092929484,AGEP,2008,11.5,0.4,0.78,3.48
24,"Forsyth County, NC",10.27077497665733,0.5417633299400173,AGEP,2008,11.7,0.48,0.94,4.1
24,"Guilford County, NC",9.871534820824882,0.46475889145258936,AGEP,2008,11.24,0.41,0.8,3.65
44,"Durham County, NC",16.96078431372549,0.621118852378657,AGEP,2008,19.32,0.55,1.08,2.85
44,"Forsyth County, NC",15.686274509803921,0.4950199137198728,AGEP,2008,17.86,0.43,0.84,2.41
44,"Guilford County, NC",15.686274509803921,0.8503897695015392,AGEP,2008,17.86,0.75,1.47,4.2
64,"Durham County, NC",22.408963585434172,1.0086661653330489,AGEP,2008,25.52,0.89,1.74,3.49
64,"Forsyth County, NC",19.607843137254903,0.5417432431042372,AGEP,2008,22.33,0.48,0.94,2.15
64,"Guilford County, NC",18.78787878787879,0.3671075888305319,AGEP,2008,21.4,0.32,0.63,1.5
1,"Durham County, NC",17.429193899782135,0.6098942007615872,SEX,2008,19.85,0.54,1.06,2.72
1,"Forsyth County, NC",18.30065359477124,0.720544266650948,SEX,2008,20.84,0.63,1.23,3.02
1,"Guilford County, NC",17.825311942959,0.5851359217632165,SEX,2008,20.3,0.51,1,2.51
2,"Durham County, NC",18.12807881773399,0.4425051041702774,SEX,2008,20.64,0.39,0.76,1.89
2,"Forsyth County, NC",15.126050420168067,0.5941336467398699,SEX,2008,17.23,0.52,1.02,3.02
2,"Guilford County, NC",14.705882352941176,0.4169129638964382,SEX,2008,16.75,0.37,0.73,2.21
1,"Durham County, NC",22.54901960784314,0.9301715224164677,RAC1P,2008,25.68,0.82,1.61,3.19
1,"Forsyth County, NC",19.172932330827066,0.7774986706896498,RAC1P,2008,21.83,0.68,1.33,3.11
1,"Guilford County, NC",19.41176470588235,0.44206773788314074,RAC1P,2008,22.11,0.39,0.76,1.76
2,"Durham County, NC",15.196078431372548,0.5651585478127724,RAC1P,2008,17.31,0.5,0.98,2.89
2,"Forsyth County, NC",13.72549019607843,1.0147430784832732,RAC1P,2008,15.63,0.89,1.74,5.69
2,"Guilford County, NC",13.235294117647058,0.3490461443041791,RAC1P,2008,15.07,0.31,0.61,2.06
3,"Durham County, NC",10,0.36373004678615234,RAC1P,2008,11.39,0.32,0.63,2.81
3,"Forsyth County, NC",9.803921568627452,0.6458516302119218,RAC1P,2008,11.17,0.57,1.12,5.1
3,"Guilford County, NC",11.764705882352942,0.7916311222237766,RAC1P,2008,13.4,0.7,1.37,5.22
4,"Durham County, NC",18.2183908045977,0.9617231221989548,RAC1P,2008,20.75,0.84,1.65,4.05
4,"Forsyth County, NC",15.686274509803921,1.3355061219216018,RAC1P,2008,17.86,1.17,2.29,6.55
4,"Guilford County, NC",13.071895424836601,2.563895009556196,RAC1P,2008,14.89,2.25,4.41,15.11
100,"Durham County, NC",17.647058823529413,0.3962207603652777,total,2008,20.1,0.35,0.69,1.74
100,"Forsyth County, NC",16.58141517476556,0.42735490685554456,total,2008,18.88,0.38,0.74,2.01
100,"Guilford County, NC",16.274509803921568,0.49058467366029723,total,2008,18.53,0.43,0.84,2.32
24,North Carolina,9.172864548118097,0.4972211386496668,AGEP,2009,10.48,0.44,0.86,4.2
44,North Carolina,16.176470588235293,0.3150181689823711,AGEP,2009,18.48,0.28,0.55,1.52
64,North Carolina,19.607843137254903,0.6321161909339836,AGEP,2009,22.4,0.55,1.08,2.46
1,North Carolina,17.84313725490196,0.4289228021793373,SEX,2009,20.39,0.38,0.74,1.86
2,North Carolina,15.686274509803921,0.25798450770068965,SEX,2009,17.92,0.23,0.45,1.28
1,North Carolina,19.607843137254903,0,RAC1P,2009,22.4,0,0,0
2,North Carolina,14.705882352941176,0.16831647213818696,RAC1P,2009,16.8,0.15,0.29,0.89
3,North Carolina,10.477941176470589,0.6246667942245897,RAC1P,2009,11.97,0.55,1.08,4.59
4,North Carolina,14.705882352941176,1.244860530043594,RAC1P,2009,16.8,1.09,2.14,6.49
100,North Carolina,16.850490196078432,0.29736110648516484,total,2009,19.25,0.26,0.51,1.35
24,"Durham County, NC",10,1.0255110599883246,AGEP,2009,11.42,0.9,1.76,7.88
24,"Forsyth County, NC",8.095238095238095,0.39179723681301604,AGEP,2009,9.25,0.34,0.67,3.68
24,"Guilford County, NC",9.411764705882353,0.6997875573094176,AGEP,2009,10.75,0.61,1.2,5.67
44,"Durham County, NC",17.647058823529413,0.7558367255011045,AGEP,2009,20.16,0.66,1.29,3.27
44,"Forsyth County, NC",15.151515151515152,0.4348421325075887,AGEP,2009,17.31,0.38,0.74,2.2
44,"Guilford County, NC",15.238095238095237,0.5423310925707467,AGEP,2009,17.41,0.47,0.92,2.7
64,"Durham County, NC",20.392156862745097,0.954892604570136,AGEP,2009,23.3,0.84,1.65,3.61
64,"Forsyth County, NC",19.607843137254903,0.40336242521555293,AGEP,2009,22.4,0.35,0.69,1.56
64,"Guilford County, NC",19.754901960784313,0.9099964734083472,AGEP,2009,22.57,0.8,1.57,3.54
1,"Durham County, NC",18.627450980392158,0.7051333864430551,SEX,2009,21.28,0.62,1.22,2.91
1,"Forsyth County, NC",17.15686274509804,0.40519140233013273,SEX,2009,19.6,0.35,0.69,1.79
1,"Guilford County, NC",17.647058823529413,0.8219025052990354,SEX,2009,20.16,0.72,1.41,3.57
2,"Durham County, NC",17.488076311605724,0.5186588196410057,SEX,2009,19.98,0.45,0.88,2.25
2,"Forsyth County, NC",14.901960784313726,0.3143614617441723,SEX,2009,17.03,0.28,0.55,1.64
2,"Guilford County, NC",15.032679738562091,0.5589966973656229,SEX,2009,17.17,0.49,0.96,2.85
1,"Durham County, NC",22.058823529411764,0.7609638565875092,RAC1P,2009,25.2,0.67,1.31,2.66
1,"Forsyth County, NC",17.892156862745097,0.5126235193993914,RAC1P,2009,20.44,0.45,0.88,2.2
1,"Guilford County, NC",18.901960784313726,0.7444953775825903,RAC1P,2009,21.6,0.65,1.27,3.01
2,"Durham County, NC",14.705882352941176,0.5174395739504866,RAC1P,2009,16.8,0.45,0.88,2.68
2,"Forsyth County, NC",14.705882352941176,0.7941481888947182,RAC1P,2009,16.8,0.7,1.37,4.17
2,"Guilford County, NC",14.260249554367201,0.6696179274925086,RAC1P,2009,16.29,0.59,1.16,3.62
3,"Durham County, NC",10.784313725490197,0.7851030578802508,RAC1P,2009,12.32,0.69,1.35,5.6
3,"Forsyth County, NC",9.803921568627452,0.5751686209284618,RAC1P,2009,11.2,0.5,0.98,4.46
3,"Guilford County, NC",11.11111111111111,0.9533487825238217,RAC1P,2009,12.69,0.83,1.63,6.54
4,"Durham County, NC",16.55773420479303,2.1752041009112806,RAC1P,2009,18.92,1.9,3.72,10.04
4,"Forsyth County, NC",22.058823529411764,3.8411446803387324,RAC1P,2009,25.2,3.36,6.59,13.33
4,"Guilford County, NC",12.254901960784315,1.0704453220364742,RAC1P,2009,14,0.94,1.84,6.71
100,"Durham County, NC",17.857142857142858,0.4637680339870444,total,2009,20.4,0.41,0.8,2.01
100,"Forsyth County, NC",16.33986928104575,0.3456043135285761,total,2009,18.67,0.3,0.59,1.61
100,"Guilford County, NC",16.091954022988507,0.5046945193477155,total,2009,18.38,0.44,0.86,2.39
24,North Carolina,9.803921568627452,0.24361824717341063,AGEP,2010,11.02,0.22,0.43,2
44,North Carolina,15.686274509803921,0.48601579773741843,AGEP,2010,17.63,0.43,0.84,2.44
64,North Carolina,19.607843137254903,0,AGEP,2010,22.04,0,0,0
1,North Carolina,17.15686274509804,0.36451099599691855,SEX,2010,19.29,0.32,0.63,1.66
2,North Carolina,16.176470588235293,0.2647274621092663,SEX,2010,18.18,0.24,0.47,1.32
1,North Carolina,19.607843137254903,0,RAC1P,2010,22.04,0,0,0
2,North Carolina,14.705882352941176,0.38910672529299406,RAC1P,2010,16.53,0.35,0.69,2.12
3,North Carolina,10.784313725490197,0.5247025037304867,RAC1P,2010,12.12,0.47,0.92,3.88
4,North Carolina,16.96078431372549,1.2573536642330547,RAC1P,2010,19.07,1.12,2.2,5.87
100,North Carolina,16.666666666666668,0.30846467132333455,total,2010,18.73,0.27,0.53,1.44
24,"Durham County, NC",9.803921568627452,1.237949733898876,AGEP,2010,11.02,1.1,2.16,9.98
24,"Forsyth County, NC",9.803921568627452,1.0365592525616563,AGEP,2010,11.02,0.92,1.8,8.35
24,"Guilford County, NC",9.803921568627452,0.3956473804253022,AGEP,2010,11.02,0.35,0.69,3.18
44,"Durham County, NC",16.964285714285715,0.6887267961321439,AGEP,2010,19.07,0.61,1.2,3.2
44,"Forsyth County, NC",15.151515151515152,0.6032824741830112,AGEP,2010,17.03,0.54,1.06,3.17
44,"Guilford County, NC",15.686274509803921,0.5826225718784613,AGEP,2010,17.63,0.52,1.02,2.95
64,"Durham County, NC",22.257551669316374,1.0933879348391666,AGEP,2010,25.02,0.97,1.9,3.88
64,"Forsyth County, NC",19.607843137254903,0.873624016828672,AGEP,2010,22.04,0.78,1.53,3.54
64,"Guilford County, NC",17.857142857142858,0.5663240730156036,AGEP,2010,20.07,0.5,0.98,2.49
1,"Durham County, NC",18.627450980392158,0.8286686980923211,SEX,2010,20.94,0.74,1.45,3.53
1,"Forsyth County, NC",16.07843137254902,0.7513485200502505,SEX,2010,18.07,0.67,1.31,3.71
1,"Guilford County, NC",16.666666666666668,0.7524769938770657,SEX,2010,18.73,0.67,1.31,3.58
2,"Durham County, NC",17.647058823529413,0.623711689073599,SEX,2010,19.84,0.55,1.08,2.77
2,"Forsyth County, NC",16.176470588235293,0.6179757800218172,SEX,2010,18.18,0.55,1.08,3.03
2,"Guilford County, NC",15.343137254901961,0.4386305236736687,SEX,2010,17.25,0.39,0.76,2.26
1,"Durham County, NC",21.568627450980394,0.7307152562468838,RAC1P,2010,24.25,0.65,1.27,2.68
1,"Forsyth County, NC",18.538324420677363,0.8063138772785621,RAC1P,2010,20.84,0.72,1.41,3.45
1,"Guilford County, NC",17.87878787878788,0.7081876155976654,RAC1P,2010,20.1,0.63,1.23,3.13
2,"Durham County, NC",15.196078431372548,0.8020073013611838,RAC1P,2010,17.08,0.71,1.39,4.16
2,"Forsyth County, NC",14.362745098039216,0.48912573163900597,RAC1P,2010,16.15,0.44,0.86,2.72
2,"Guilford County, NC",14.264705882352942,0.5849605148248369,RAC1P,2010,16.03,0.52,1.02,3.24
3,"Durham County, NC",9.803921568627452,0.8311910872107694,RAC1P,2010,11.02,0.74,1.45,6.72
3,"Forsyth County, NC",10.919540229885058,0.7066293909546818,RAC1P,2010,12.27,0.63,1.23,5.13
3,"Guilford County, NC",11.666666666666666,1.1396100056255651,RAC1P,2010,13.11,1.01,1.98,7.7
4,"Durham County, NC",19.607843137254903,2.1370114038460266,RAC1P,2010,22.04,1.9,3.72,8.62
4,"Forsyth County, NC",19.412515964240104,3.9476431469979376,RAC1P,2010,21.82,3.51,6.88,16.09
4,"Guilford County, NC",15.250544662309368,1.2863967963715295,RAC1P,2010,17.14,1.14,2.23,6.65
100,"Durham County, NC",18.137254901960784,0.4311564015887785,total,2010,20.39,0.38,0.74,1.86
100,"Forsyth County, NC",16.091954022988507,0.5188887511049751,total,2010,18.09,0.46,0.9,2.54
100,"Guilford County, NC",15.873015873015873,0.4040314612274119,total,2010,17.84,0.36,0.71,2.02
24,North Carolina,8.620689655172415,0.2835778586515852,AGEP,2011,9.4,0.26,0.51,2.77
44,North Carolina,15.271493212669684,0.474239939333066,AGEP,2011,16.64,0.44,0.86,2.64
64,North Carolina,20.431372549019606,0.36644199455349513,AGEP,2011,22.27,0.34,0.67,1.53
1,North Carolina,17.142857142857142,0.5967108500906858,SEX,2011,18.68,0.55,1.08,2.94
2,North Carolina,15.686274509803921,0.580024599803296,SEX,2011,17.1,0.53,1.04,3.1
1,North Carolina,20.053475935828878,0.531601931986789,RAC1P,2011,21.86,0.49,0.96,2.24
2,North Carolina,14.264705882352942,0.43386353090732444,RAC1P,2011,15.55,0.4,0.78,2.57
3,North Carolina,9.411764705882353,0.33974322882109215,RAC1P,2011,10.26,0.31,0.61,3.02
4,North Carolina,16.176470588235293,1.679041496401684,RAC1P,2011,17.63,1.54,3.02,8.74
100,North Carolina,16.363636363636363,0.4190960662989364,total,2011,17.83,0.38,0.74,2.13
24,"Durham County, NC",8.814432989690722,0.3378831206386145,AGEP,2011,9.61,0.31,0.61,3.23
24,"Forsyth County, NC",8.620689655172415,0.5483647454280209,AGEP,2011,9.4,0.5,0.98,5.32
24,"Guilford County, NC",8.49673202614379,0.4901792800422532,AGEP,2011,9.26,0.45,0.88,4.86
44,"Durham County, NC",16.176470588235293,1.223638837517102,AGEP,2011,17.63,1.12,2.2,6.35
44,"Forsyth County, NC",14.297385620915033,0.5229633443971343,AGEP,2011,15.58,0.48,0.94,3.08
44,"Guilford County, NC",15.686274509803921,0.600450488372908,AGEP,2011,17.1,0.55,1.08,3.22
64,"Durham County, NC",21.455938697318008,0.6277654799754361,AGEP,2011,23.38,0.58,1.14,2.48
64,"Forsyth County, NC",20.424836601307188,0.8354600121787431,AGEP,2011,22.26,0.77,1.51,3.46
64,"Guilford County, NC",19.607843137254903,0.764441529829779,AGEP,2011,21.37,0.7,1.37,3.28
1,"Durham County, NC",18.38235294117647,1.5535267896730787,SEX,2011,20.03,1.43,2.8,7.14
1,"Forsyth County, NC",17.352941176470587,0.5758798502138693,SEX,2011,18.91,0.53,1.04,2.8
1,"Guilford County, NC",16.176470588235293,0.7258332487074479,SEX,2011,17.63,0.67,1.31,3.8
2,"Durham County, NC",17.647058823529413,0.7606499463542701,SEX,2011,19.23,0.7,1.37,3.64
2,"Forsyth County, NC",14.705882352941176,0.4996277910473784,SEX,2011,16.03,0.46,0.9,2.87
2,"Guilford County, NC",15.294117647058824,0.5830393222233312,SEX,2011,16.67,0.53,1.04,3.18
1,"Durham County, NC",21.49019607843137,0.7268952183486109,RAC1P,2011,23.42,0.67,1.31,2.86
1,"Forsyth County, NC",19.607843137254903,0.27160449063787867,RAC1P,2011,21.37,0.25,0.49,1.17
1,"Guilford County, NC",19.031141868512112,0.9079953270051135,RAC1P,2011,20.74,0.83,1.63,4
2,"Durham County, NC",14.705882352941176,0.4060639293754715,RAC1P,2011,16.03,0.37,0.73,2.31
2,"Forsyth County, NC",11.764705882352942,0.7840977587936114,RAC1P,2011,12.82,0.72,1.41,5.62
2,"Guilford County, NC",14.705882352941176,0.6455961904224509,RAC1P,2011,16.03,0.59,1.16,3.68
3,"Durham County, NC",10,0.8837583610783248,RAC1P,2011,10.9,0.81,1.59,7.43
3,"Forsyth County, NC",9.313725490196079,0.633135760422098,RAC1P,2011,10.15,0.58,1.14,5.71
3,"Guilford County, NC",9.803921568627452,1.3175193586540046,RAC1P,2011,10.69,1.21,2.37,11.32
4,"Durham County, NC",22.058823529411764,3.3007564154008127,RAC1P,2011,24.04,3.03,5.94,12.6
4,"Forsyth County, NC",21.568627450980394,2.4478040766111464,RAC1P,2011,23.51,2.25,4.41,9.57
4,"Guilford County, NC",11.27450980392157,1.0259561923068239,RAC1P,2011,12.29,0.94,1.84,7.65
100,"Durham County, NC",17.892156862745097,0.9429750662790836,total,2011,19.5,0.87,1.71,4.46
100,"Forsyth County, NC",15.686274509803921,0.39707109081069364,total,2011,17.1,0.36,0.71,2.11
100,"Guilford County, NC",15.686274509803921,0.35613790086303526,total,2011,17.1,0.33,0.65,1.93
24,North Carolina,9.195402298850574,0.5439742553227809,AGEP,2012,9.82,0.51,1,5.19
44,North Carolina,16.091954022988507,0.5413824217502716,AGEP,2012,17.18,0.51,1,2.97
64,North Carolina,19.607843137254903,0.5474137742362044,AGEP,2012,20.94,0.51,1,2.44
1,North Carolina,17.647058823529413,0.41189494244379604,SEX,2012,18.84,0.39,0.76,2.07
2,North Carolina,15.995872033023735,0.3882315211650786,SEX,2012,17.08,0.36,0.71,2.11
1,North Carolina,19.607843137254903,0.07176184051133473,RAC1P,2012,20.94,0.07,0.14,0.33
2,North Carolina,14.215686274509803,0.6203053188984518,RAC1P,2012,15.18,0.58,1.14,3.82
3,North Carolina,9.803921568627452,0.4153326670625776,RAC1P,2012,10.47,0.39,0.76,3.72
4,North Carolina,14.705882352941176,1.7849922500992805,RAC1P,2012,15.7,1.67,3.27,10.64
100,North Carolina,16.666666666666668,0.43167920771855683,total,2012,17.8,0.4,0.78,2.25
24,"Durham County, NC",9.803921568627452,1.4876888224260028,AGEP,2012,10.47,1.39,2.72,13.28
24,"Forsyth County, NC",8.080808080808081,1.0827219709649087,AGEP,2012,8.63,1.01,1.98,11.7
24,"Guilford County, NC",9.803921568627452,0.670118903876132,AGEP,2012,10.47,0.63,1.23,6.02
44,"Durham County, NC",17.352941176470587,0.6594595312706435,AGEP,2012,18.53,0.62,1.22,3.35
44,"Forsyth County, NC",14.814814814814815,0.6911815589362519,AGEP,2012,15.82,0.65,1.27,4.11
44,"Guilford County, NC",15.931372549019608,0.49561680905730793,AGEP,2012,17.01,0.46,0.9,2.7
64,"Durham County, NC",22.5974025974026,0.6810575292429734,AGEP,2012,24.13,0.64,1.25,2.65
64,"Forsyth County, NC",18.92156862745098,0.9106530711382858,AGEP,2012,20.2,0.85,1.67,4.21
64,"Guilford County, NC",19.11764705882353,0.883027990700017,AGEP,2012,20.41,0.83,1.63,4.07
1,"Durham County, NC",17.647058823529413,0.9494552791765328,SEX,2012,18.84,0.89,1.74,4.72
1,"Forsyth County, NC",17.647058823529413,0.6712629698100728,SEX,2012,18.84,0.63,1.23,3.34
1,"Guilford County, NC",17.496318114874814,0.6397396620329686,SEX,2012,18.68,0.6,1.18,3.21
2,"Durham County, NC",19.607843137254903,0.676173454606623,SEX,2012,20.94,0.63,1.23,3.01
2,"Forsyth County, NC",14.705882352941176,0.5263804479898044,SEX,2012,15.7,0.49,0.96,3.12
2,"Guilford County, NC",15.151515151515152,0.5963420612962267,SEX,2012,16.18,0.56,1.1,3.46
1,"Durham County, NC",21.568627450980394,0.6811097390816795,RAC1P,2012,23.03,0.64,1.25,2.78
1,"Forsyth County, NC",18.736383442265794,0.4361252528663685,RAC1P,2012,20.01,0.41,0.8,2.05
1,"Guilford County, NC",19.019607843137255,0.7388172433528318,RAC1P,2012,20.31,0.69,1.35,3.4
2,"Durham County, NC",16.176470588235293,1.146090750921227,RAC1P,2012,17.27,1.07,2.1,6.2
2,"Forsyth County, NC",12.254901960784315,0.7774071237093669,RAC1P,2012,13.09,0.73,1.43,5.58
2,"Guilford County, NC",14.215686274509803,0.7430698695990354,RAC1P,2012,15.18,0.7,1.37,4.61
3,"Durham County, NC",10.909090909090908,1.5617914352747664,RAC1P,2012,11.65,1.46,2.86,12.53
3,"Forsyth County, NC",9.090909090909092,0.5140898065275481,RAC1P,2012,9.71,0.48,0.94,4.94
3,"Guilford County, NC",9.803921568627452,0.648554314994452,RAC1P,2012,10.47,0.61,1.2,5.83
4,"Durham County, NC",20.58823529411765,3.537803556607164,RAC1P,2012,21.98,3.31,6.49,15.06
4,"Forsyth County, NC",14.524328249818446,6.44342663880158,RAC1P,2012,15.51,6.03,11.82,38.88
4,"Guilford County, NC",12.745098039215685,2.23801140810569,RAC1P,2012,13.61,2.1,4.12,15.43
100,"Durham County, NC",18.92156862745098,0.7147280240644742,total,2012,20.2,0.67,1.31,3.32
100,"Forsyth County, NC",15.709376534118801,0.5551105020792685,total,2012,16.77,0.52,1.02,3.1
100,"Guilford County, NC",16.176470588235293,0.4482047193018524,total,2012,17.27,0.42,0.82,2.43
24,North Carolina,9.02061855670103,0.7114945269858769,AGEP,2013,9.49,0.68,1.33,7.17
44,North Carolina,16.470588235294116,0.5839781966298018,AGEP,2013,17.33,0.55,1.08,3.17
64,North Carolina,21.149425287356323,0.3753025932151368,AGEP,2013,22.26,0.36,0.71,1.62
1,North Carolina,18.823529411764707,0.4454209150921604,SEX,2013,19.81,0.42,0.82,2.12
2,North Carolina,16.176470588235293,0.3843842675667625,SEX,2013,17.02,0.37,0.73,2.17
1,North Carolina,21.241830065359476,0.3503288452637823,RAC1P,2013,22.35,0.33,0.65,1.48
2,North Carolina,14.705882352941176,0.2741230388356277,RAC1P,2013,15.48,0.26,0.51,1.68
3,North Carolina,11.204481792717086,0.7927686053588932,RAC1P,2013,11.79,0.75,1.47,6.36
4,North Carolina,14.313725490196079,1.0945749221553038,RAC1P,2013,15.06,1.04,2.04,6.91
100,North Carolina,17.320261437908496,0.3441378629422372,total,2013,18.23,0.33,0.65,1.81
24,"Durham County, NC",8.403361344537815,0.9919206948241226,AGEP,2013,8.84,0.94,1.84,10.63
24,"Forsyth County, NC",7.450980392156863,1.01322202485203,AGEP,2013,7.84,0.96,1.88,12.24
24,"Guilford County, NC",9.803921568627452,0.8094824163986851,AGEP,2013,10.32,0.77,1.51,7.46
44,"Durham County, NC",17.864923747276688,0.7695208747367873,AGEP,2013,18.8,0.73,1.43,3.88
44,"Forsyth County, NC",16.07843137254902,0.9430819985315696,AGEP,2013,16.92,0.9,1.76,5.32
44,"Guilford County, NC",16.07843137254902,0.4915609262814047,AGEP,2013,16.92,0.47,0.92,2.78
64,"Durham County, NC",23.92156862745098,1.3448864193214958,AGEP,2013,25.17,1.28,2.51,5.09
64,"Forsyth County, NC",20.915032679738562,0.7731051221234982,AGEP,2013,22.01,0.73,1.43,3.32
64,"Guilford County, NC",20.392156862745097,0.7588433168271134,AGEP,2013,21.46,0.72,1.41,3.36
1,"Durham County, NC",18.736383442265794,0.8148346302383743,SEX,2013,19.72,0.77,1.51,3.9
1,"Forsyth County, NC",18.137254901960784,0.7688129629664402,SEX,2013,19.09,0.73,1.43,3.82
1,"Guilford County, NC",19.607843137254903,0.4648420095209507,SEX,2013,20.63,0.44,0.86,2.13
2,"Durham County, NC",18.235294117647058,0.9114259324664414,SEX,2013,19.19,0.87,1.71,4.53
2,"Forsyth County, NC",15.686274509803921,0.5759351672720244,SEX,2013,16.51,0.55,1.08,3.33
2,"Guilford County, NC",15.686274509803921,0.5851192833523244,SEX,2013,16.51,0.56,1.1,3.39
1,"Durham County, NC",24.50980392156863,0.9467400194185795,RAC1P,2013,25.79,0.9,1.76,3.49
1,"Forsyth County, NC",19.607843137254903,0.634502396038677,RAC1P,2013,20.63,0.6,1.18,2.91
1,"Guilford County, NC",20.784313725490197,0.5280707153403159,RAC1P,2013,21.87,0.5,0.98,2.29
2,"Durham County, NC",15.345268542199488,1.0931984721712056,RAC1P,2013,16.15,1.04,2.04,6.44
2,"Forsyth County, NC",14.545454545454545,0.6009808118980224,RAC1P,2013,15.31,0.57,1.12,3.72
2,"Guilford County, NC",14.215686274509803,0.6320194782335482,RAC1P,2013,14.96,0.6,1.18,4.01
3,"Durham County, NC",10.588235294117647,0.8969406281478444,RAC1P,2013,11.14,0.85,1.67,7.63
3,"Forsyth County, NC",10.344827586206897,1.4248730272071968,RAC1P,2013,10.89,1.35,2.65,12.4
3,"Guilford County, NC",12.200435729847495,0.6202877674622246,RAC1P,2013,12.84,0.59,1.16,4.6
4,"Durham County, NC",15.686274509803921,2.117283919481269,RAC1P,2013,16.51,2.01,3.94,12.17
4,"Forsyth County, NC",14.705882352941176,2.906868229512811,RAC1P,2013,15.48,2.76,5.41,17.83
4,"Guilford County, NC",12.873563218390805,2.4739481971881094,RAC1P,2013,13.55,2.35,4.61,17.34
100,"Durham County, NC",18.529411764705884,0.5819995740024049,total,2013,19.5,0.55,1.08,2.82
100,"Forsyth County, NC",17.15686274509804,0.8249108584620939,total,2013,18.05,0.78,1.53,4.32
100,"Guilford County, NC",17.15686274509804,0.16882585434983483,total,2013,18.05,0.16,0.31,0.89
24,North Carolina,9.950980392156863,0.6721771466226379,AGEP,2014,10.31,0.65,1.27,6.3
44,North Carolina,16.39928698752228,0.4156728168369289,AGEP,2014,16.98,0.4,0.78,2.36
64,North Carolina,20.58823529411765,0.540746565122962,AGEP,2014,21.32,0.52,1.02,2.44
1,North Carolina,17.565359477124183,0.4399183150702601,SEX,2014,18.19,0.42,0.82,2.31
2,North Carolina,16.99346405228758,0.35984050515899024,SEX,2014,17.6,0.35,0.69,1.99
1,North Carolina,20.043572984749456,0.47922071382219306,RAC1P,2014,20.76,0.46,0.9,2.22
2,North Carolina,14.705882352941176,0.3832942078598438,RAC1P,2014,15.23,0.37,0.73,2.43
3,North Carolina,11.764705882352942,0.47008137861838656,RAC1P,2014,12.18,0.45,0.88,3.69
4,North Carolina,15.686274509803921,1.5824089285381366,RAC1P,2014,16.25,1.53,3,9.42
100,North Carolina,17.15686274509804,0.08631371742976568,total,2014,17.77,0.08,0.16,0.45
24,"Durham County, NC",11.785714285714286,1.6163074714348409,AGEP,2014,12.21,1.56,3.06,12.78
24,"Forsyth County, NC",9.803921568627452,1.4337615592208854,AGEP,2014,10.15,1.38,2.7,13.6
24,"Guilford County, NC",8.823529411764707,1.1009556547483341,AGEP,2014,9.14,1.06,2.08,11.6
44,"Durham County, NC",17.54901960784314,0.5229778717224437,AGEP,2014,18.17,0.5,0.98,2.75
44,"Forsyth County, NC",15.686274509803921,0.8548150956612345,AGEP,2014,16.25,0.83,1.63,5.11
44,"Guilford County, NC",15.490196078431373,0.5821421306820806,AGEP,2014,16.04,0.56,1.1,3.49
64,"Durham County, NC",23.03921568627451,0.9556094562852643,AGEP,2014,23.86,0.92,1.8,3.86
64,"Forsyth County, NC",19.607843137254903,0.41494795770612547,AGEP,2014,20.31,0.4,0.78,1.97
64,"Guilford County, NC",20.057471264367816,0.9496043459342585,AGEP,2014,20.77,0.92,1.8,4.43
1,"Durham County, NC",17.783505154639176,0.9659255205985283,SEX,2014,18.42,0.93,1.82,5.05
1,"Forsyth County, NC",17.429193899782135,0.4080554537430353,SEX,2014,18.05,0.39,0.76,2.16
1,"Guilford County, NC",17.647058823529413,0.9218290439236759,SEX,2014,18.28,0.89,1.74,4.87
2,"Durham County, NC",19.607843137254903,0.6701689523771552,SEX,2014,20.31,0.65,1.27,3.2
2,"Forsyth County, NC",16.176470588235293,0.5462393828310484,SEX,2014,16.75,0.53,1.04,3.16
2,"Guilford County, NC",15.931372549019608,0.6145341037506239,SEX,2014,16.5,0.59,1.16,3.58
1,"Durham County, NC",21.78649237472767,0.6792218131724979,RAC1P,2014,22.56,0.66,1.29,2.93
1,"Forsyth County, NC",19.607843137254903,0.017537788058821818,RAC1P,2014,20.31,0.02,0.04,0.1
1,"Guilford County, NC",19.607843137254903,0.33339913560022166,RAC1P,2014,20.31,0.32,0.63,1.58
2,"Durham County, NC",17.15686274509804,1.01982374103133,RAC1P,2014,17.77,0.98,1.92,5.51
2,"Forsyth County, NC",14.215686274509803,0.5559942751346018,RAC1P,2014,14.72,0.54,1.06,3.67
2,"Guilford County, NC",14.141414141414142,0.5929628594338806,RAC1P,2014,14.65,0.57,1.12,3.89
3,"Durham County, NC",12.254901960784315,1.133143246770672,RAC1P,2014,12.69,1.09,2.14,8.59
3,"Forsyth County, NC",11.764705882352942,0.7750622799849964,RAC1P,2014,12.18,0.75,1.47,6.16
3,"Guilford County, NC",11.764705882352942,0.9806177027168484,RAC1P,2014,12.18,0.95,1.86,7.8
4,"Durham County, NC",23.885918003565063,6.297870198657605,RAC1P,2014,24.74,6.08,11.92,24.58
4,"Forsyth County, NC",17.5,1.4006879952675613,RAC1P,2014,18.12,1.35,2.65,7.45
4,"Guilford County, NC",14.705882352941176,0.964639325840439,RAC1P,2014,15.23,0.93,1.82,6.11
100,"Durham County, NC",18.75,0.41301994007884074,total,2014,19.42,0.4,0.78,2.06
100,"Forsyth County, NC",16.91176470588235,0.3900743154147307,total,2014,17.51,0.38,0.74,2.17
100,"Guilford County, NC",16.666666666666668,0.4368111192427831,total,2014,17.26,0.42,0.82,2.43
24,North Carolina,9.803921568627452,0.49993092669933553,AGEP,2015,10.14,0.48,0.94,4.73
44,North Carolina,15.406162464985995,0.4474999823968535,AGEP,2015,15.94,0.43,0.84,2.7
64,North Carolina,20.016339869281047,0.6622518647319735,AGEP,2015,20.7,0.64,1.25,3.09
1,North Carolina,17.24137931034483,0.37443369128634413,SEX,2015,17.83,0.36,0.71,2.02
2,North Carolina,16.176470588235293,0.24742780212775306,SEX,2015,16.73,0.24,0.47,1.43
1,North Carolina,20,0.6119536125961932,RAC1P,2015,20.69,0.59,1.16,2.85
2,North Carolina,14.705882352941176,0.10961117536763676,RAC1P,2015,15.21,0.11,0.22,0.72
3,North Carolina,10.196078431372548,0.7125380332766389,RAC1P,2015,10.55,0.69,1.35,6.54
4,North Carolina,16.666666666666668,1.314879267003459,RAC1P,2015,17.24,1.27,2.49,7.37
100,North Carolina,16.666666666666668,0.30349337368941276,total,2015,17.24,0.29,0.57,1.68
24,"Durham County, NC",9.019607843137255,0.8888942474137659,AGEP,2015,9.33,0.86,1.69,9.22
24,"Forsyth County, NC",10.784313725490197,0.7883475816373694,AGEP,2015,11.16,0.76,1.49,6.81
24,"Guilford County, NC",10,0.5409769254517932,AGEP,2015,10.34,0.52,1.02,5.03
44,"Durham County, NC",16.470588235294116,0.7467879893890613,AGEP,2015,17.04,0.72,1.41,4.23
44,"Forsyth County, NC",15.196078431372548,0.9857844734381249,AGEP,2015,15.72,0.95,1.86,6.04
44,"Guilford County, NC",14.948453608247423,0.39527940518156823,AGEP,2015,15.46,0.38,0.74,2.46
64,"Durham County, NC",22.058823529411764,1.1974186573266237,AGEP,2015,22.82,1.16,2.27,5.08
64,"Forsyth County, NC",19.607843137254903,0.519963533479088,AGEP,2015,20.28,0.5,0.98,2.47
64,"Guilford County, NC",19.607843137254903,0.3011554137128591,AGEP,2015,20.28,0.29,0.57,1.43
1,"Durham County, NC",17.15686274509804,0.7022709129735958,SEX,2015,17.75,0.68,1.33,3.83
1,"Forsyth County, NC",17.973856209150327,0.8452136896112876,SEX,2015,18.59,0.82,1.61,4.41
1,"Guilford County, NC",17.15686274509804,0.5264453346081418,SEX,2015,17.75,0.51,1,2.87
2,"Durham County, NC",18.03921568627451,0.9790285564749647,SEX,2015,18.66,0.95,1.86,5.09
2,"Forsyth County, NC",16.176470588235293,0.49041687563116426,SEX,2015,16.73,0.47,0.92,2.81
2,"Guilford County, NC",15.294117647058824,0.5360102903145154,SEX,2015,15.82,0.52,1.02,3.29
1,"Durham County, NC",22.657952069716774,1.285381362855919,RAC1P,2015,23.44,1.24,2.43,5.29
1,"Forsyth County, NC",19.607843137254903,0.805716305630427,RAC1P,2015,20.28,0.78,1.53,3.85
1,"Guilford County, NC",19.607843137254903,0.2400964311341165,RAC1P,2015,20.28,0.23,0.45,1.13
2,"Durham County, NC",15.686274509803921,1.2194706074954091,RAC1P,2015,16.23,1.18,2.31,7.27
2,"Forsyth County, NC",13.72549019607843,0.9684131424853073,RAC1P,2015,14.2,0.94,1.84,6.62
2,"Guilford County, NC",14.705882352941176,0.18400248008074055,RAC1P,2015,15.21,0.18,0.35,1.18
3,"Durham County, NC",8.96358543417367,1.650768365856242,RAC1P,2015,9.27,1.6,3.14,17.26
3,"Forsyth County, NC",10.294117647058824,0.6431292889217581,RAC1P,2015,10.65,0.62,1.22,5.82
3,"Guilford County, NC",11.27450980392157,0.687821636935712,RAC1P,2015,11.66,0.66,1.29,5.66
4,"Durham County, NC",20,3.933661099929988,RAC1P,2015,20.69,3.8,7.45,18.37
4,"Forsyth County, NC",13.165266106442576,5.469847391056568,RAC1P,2015,13.62,5.29,10.37,38.84
4,"Guilford County, NC",15.686274509803921,1.3797201057733186,RAC1P,2015,16.23,1.33,2.61,8.19
100,"Durham County, NC",17.24137931034483,0.7172338656441164,total,2015,17.83,0.69,1.35,3.87
100,"Forsyth County, NC",16.715686274509803,0.5655490233048861,total,2015,17.29,0.55,1.08,3.18
100,"Guilford County, NC",16.176470588235293,0.3795840730889654,total,2015,16.73,0.37,0.73,2.21
24,North Carolina,9.803921568627452,0.2787897471802978,AGEP,2016,10.01,0.27,0.53,2.7
44,North Carolina,16.33986928104575,0.43956114409119745,AGEP,2016,16.69,0.43,0.84,2.58
64,North Carolina,20.392156862745097,0.5059761825299347,AGEP,2016,20.83,0.5,0.98,2.4
1,North Carolina,18.137254901960784,0.5894607606047975,SEX,2016,18.53,0.58,1.14,3.13
2,North Carolina,16.176470588235293,0.3409123843570618,SEX,2016,16.52,0.33,0.65,2
1,North Carolina,21.176470588235293,0.583737025561695,RAC1P,2016,21.63,0.57,1.12,2.64
2,North Carolina,14.705882352941176,0.1941001409392956,RAC1P,2016,15.02,0.19,0.37,1.26
3,North Carolina,11.764705882352942,0.5742375652995637,RAC1P,2016,12.02,0.56,1.1,4.66
4,North Carolina,16.99346405228758,3.0806232782302243,RAC1P,2016,17.36,3.02,5.92,17.4
100,North Carolina,17.15686274509804,0.0423722525450332,total,2016,17.52,0.04,0.08,0.23
24,"Durham County, NC",12.254901960784315,1.595949930168321,AGEP,2016,12.52,1.56,3.06,12.46
24,"Forsyth County, NC",8.555008210180624,0.9945456042122016,AGEP,2016,8.74,0.97,1.9,11.1
24,"Guilford County, NC",9.803921568627452,0.6914709053160625,AGEP,2016,10.01,0.68,1.33,6.79
44,"Durham County, NC",17.647058823529413,1.0117354951503335,AGEP,2016,18.02,0.99,1.94,5.49
44,"Forsyth County, NC",15.686274509803921,0.6101909277660319,AGEP,2016,16.02,0.6,1.18,3.75
44,"Guilford County, NC",15.686274509803921,0.4862167865587463,AGEP,2016,16.02,0.48,0.94,3
64,"Durham County, NC",21.568627450980394,1.3751648651631323,AGEP,2016,22.03,1.35,2.65,6.13
64,"Forsyth County, NC",19.607843137254903,1.1352417268560702,AGEP,2016,20.03,1.11,2.18,5.54
64,"Guilford County, NC",20.2020202020202,0.549007473293988,AGEP,2016,20.63,0.54,1.06,2.62
1,"Durham County, NC",19.215686274509803,0.7407005505180204,SEX,2016,19.63,0.73,1.43,3.72
1,"Forsyth County, NC",17.15686274509804,0.7829480577945201,SEX,2016,17.52,0.77,1.51,4.39
1,"Guilford County, NC",18.137254901960784,0.7357829845519231,SEX,2016,18.53,0.72,1.41,3.89
2,"Durham County, NC",17.429193899782135,0.5897521957074712,SEX,2016,17.8,0.58,1.14,3.26
2,"Forsyth County, NC",15.931372549019608,0.5513441567634145,SEX,2016,16.27,0.54,1.06,3.32
2,"Guilford County, NC",15.151515151515152,0.4964779645388371,SEX,2016,15.48,0.49,0.96,3.17
1,"Durham County, NC",23.529411764705884,0.5953846352859306,RAC1P,2016,24.03,0.58,1.14,2.41
1,"Forsyth County, NC",19.607843137254903,0.41509094431618293,RAC1P,2016,20.03,0.41,0.8,2.05
1,"Guilford County, NC",20.61855670103093,0.8791916850763205,RAC1P,2016,21.06,0.86,1.69,4.08
2,"Durham County, NC",16.176470588235293,1.054222966584623,RAC1P,2016,16.52,1.03,2.02,6.23
2,"Forsyth County, NC",12.873563218390805,1.0421407850895656,RAC1P,2016,13.15,1.02,2,7.76
2,"Guilford County, NC",14.46078431372549,0.4848422072759596,RAC1P,2016,14.77,0.47,0.92,3.18
3,"Durham County, NC",11.895424836601308,1.0551856213463309,RAC1P,2016,12.15,1.03,2.02,8.48
3,"Forsyth County, NC",10.893246187363834,1.4645781728583496,RAC1P,2016,11.13,1.43,2.8,12.85
3,"Guilford County, NC",11.437908496732026,0.8326030793524347,RAC1P,2016,11.68,0.82,1.61,7.02
4,"Durham County, NC",25.272331154684096,8.667877512078002,RAC1P,2016,25.81,8.49,16.64,32.89
4,"Forsyth County, NC",24.50980392156863,3.8275054464215414,RAC1P,2016,25.03,3.75,7.35,14.98
4,"Guilford County, NC",13.026819923371647,1.2591543220569634,RAC1P,2016,13.31,1.23,2.41,9.24
100,"Durham County, NC",18.137254901960784,0.8320146422347854,total,2016,18.53,0.81,1.59,4.37
100,"Forsyth County, NC",16.55773420479303,0.4271020051736411,total,2016,16.91,0.42,0.82,2.48
100,"Guilford County, NC",16.666666666666668,0.6585703768725029,total,2016,17.02,0.64,1.25,3.76
24,North Carolina,11.764705882352942,0.6444654728763465,AGEP,2017,11.76,0.64,1.25,5.44
44,North Carolina,17.24137931034483,0.34832953882540024,AGEP,2017,17.24,0.35,0.69,2.03
64,North Carolina,22.058823529411764,0.39547373838513744,AGEP,2017,22.06,0.4,0.78,1.81
1,North Carolina,19.607843137254903,0.4685201306678718,SEX,2017,19.61,0.47,0.92,2.4
2,North Carolina,17.565359477124183,0.42923021725336025,SEX,2017,17.57,0.43,0.84,2.45
1,North Carolina,22.058823529411764,0.3139639487602237,RAC1P,2017,22.06,0.31,0.61,1.41
2,North Carolina,14.705882352941176,0.40081855399350497,RAC1P,2017,14.71,0.4,0.78,2.72
3,North Carolina,13.235294117647058,0.9304971337374807,RAC1P,2017,13.24,0.93,1.82,7.02
4,North Carolina,17.429193899782135,1.9725246166939603,RAC1P,2017,17.43,1.97,3.86,11.3
100,North Carolina,18.39080459770115,0.44063004904276826,total,2017,18.39,0.44,0.86,2.39
24,"Durham County, NC",12.121212121212121,1.2506502054795534,AGEP,2017,12.12,1.25,2.45,10.31
24,"Forsyth County, NC",12.254901960784315,0.49452215377989694,AGEP,2017,12.25,0.49,0.96,4
24,"Guilford County, NC",10.196078431372548,1.3445846713509746,AGEP,2017,10.2,1.34,2.63,13.14
44,"Durham County, NC",19.11764705882353,0.9748606473075675,AGEP,2017,19.12,0.97,1.9,5.07
44,"Forsyth County, NC",17.15686274509804,0.4461032466473129,AGEP,2017,17.16,0.45,0.88,2.62
44,"Guilford County, NC",17.15686274509804,0.6366180507818991,AGEP,2017,17.16,0.64,1.25,3.73
64,"Durham County, NC",23.529411764705884,0.6195144887343124,AGEP,2017,23.53,0.62,1.22,2.63
64,"Forsyth County, NC",21.69934640522876,0.9160797745793681,AGEP,2017,21.7,0.92,1.8,4.24
64,"Guilford County, NC",21.390374331550802,0.7251014389188227,AGEP,2017,21.39,0.73,1.43,3.41
1,"Durham County, NC",19.607843137254903,1.6165104825508083,SEX,2017,19.61,1.62,3.18,8.26
1,"Forsyth County, NC",18.627450980392158,0.9891970296276943,SEX,2017,18.63,0.99,1.94,5.31
1,"Guilford County, NC",19.607843137254903,0.7728403565225457,SEX,2017,19.61,0.77,1.51,3.93
2,"Durham County, NC",19.607843137254903,0.34594261239436164,SEX,2017,19.61,0.35,0.69,1.78
2,"Forsyth County, NC",17.234262125902994,0.5800597580808673,SEX,2017,17.23,0.58,1.14,3.37
2,"Guilford County, NC",17.15686274509804,0.43902176119328945,SEX,2017,17.16,0.44,0.86,2.56
1,"Durham County, NC",24.50980392156863,0.642333785430482,RAC1P,2017,24.51,0.64,1.25,2.61
1,"Forsyth County, NC",21.176470588235293,0.7972534949928559,RAC1P,2017,21.18,0.8,1.57,3.78
1,"Guilford County, NC",21.116138763197586,0.9915202023092384,RAC1P,2017,21.12,0.99,1.94,4.69
2,"Durham County, NC",14.950980392156863,0.9432890421110803,RAC1P,2017,14.95,0.94,1.84,6.29
2,"Forsyth County, NC",13.850574712643677,0.988272400568397,RAC1P,2017,13.85,0.99,1.94,7.15
2,"Guilford County, NC",15.250544662309368,1.0779481422449755,RAC1P,2017,15.25,1.08,2.12,7.08
3,"Durham County, NC",13.793103448275861,1.1358995226598254,RAC1P,2017,13.79,1.14,2.23,8.27
3,"Forsyth County, NC",12.941176470588236,0.7863003399297973,RAC1P,2017,12.94,0.79,1.55,6.11
3,"Guilford County, NC",13.793103448275861,1.948201276957804,RAC1P,2017,13.79,1.95,3.82,14.14
4,"Durham County, NC",22.5,3.7367919672961043,RAC1P,2017,22.5,3.74,7.33,16.62
4,"Forsyth County, NC",14.285714285714286,4.298361011674657,RAC1P,2017,14.29,4.3,8.43,30.09
4,"Guilford County, NC",14.264705882352942,1.472671450392728,RAC1P,2017,14.26,1.47,2.88,10.31
100,"Durham County, NC",19.607843137254903,0.2912351399284586,total,2017,19.61,0.29,0.57,1.48
100,"Forsyth County, NC",17.647058823529413,0.6935255594247568,total,2017,17.65,0.69,1.35,3.91
100,"Guilford County, NC",17.647058823529413,0.6542508375219362,total,2017,17.65,0.65,1.27,3.68
