GEO.id,GEO.id2,GEO.display-label,HD01_VD02,HD02_VD02,HD01_VD03,HD02_VD03,HD01_VD04,HD02_VD04,HD01_VD05,HD02_VD05,HD01_VD06,HD02_VD06
Id,Id2,Geography,Estimate; Quintile Upper Limits: - Lowest Quintile,Margin of Error; Quintile Upper Limits: - Lowest Quintile,Estimate; Quintile Upper Limits: - Second Quintile,Margin of Error; Quintile Upper Limits: - Second Quintile,Estimate; Quintile Upper Limits: - Third Quintile,Margin of Error; Quintile Upper Limits: - Third Quintile,Estimate; Quintile Upper Limits: - Fourth Quintile,Margin of Error; Quintile Upper Limits: - Fourth Quintile,Estimate; Lower Limit of Top 5 Percent,Margin of Error; Lower Limit of Top 5 Percent
0500000US05119,05119,"Pulaski County, Arkansas",19730,1504,36003,1415,55215,1881,89092,2901,173805,17349
0500000US22055,22055,"Lafayette Parish, Louisiana",18923,1910,38807,3792,60727,3975,94887,6604,183846,33960
0500000US29095,29095,"Jackson County, Missouri",20424,585,37649,1112,58460,1693,93588,2778,154302,5102
0500000US37067,37067,"Forsyth County, North Carolina",21143,1141,37294,1704,58755,2632,93345,4054,167182,14273
0500000US37081,37081,"Guilford County, North Carolina",20494,632,38302,1520,58597,2152,91087,3246,172055,10061
0500000US51770,51770,"Roanoke city, Virginia",14557,3152,28256,3845,46389,4823,72434,5716,120590,17248
