GEO.id,GEO.id2,GEO.display-label,HD01_VD02,HD02_VD02,HD01_VD03,HD02_VD03,HD01_VD04,HD02_VD04,HD01_VD05,HD02_VD05,HD01_VD06,HD02_VD06
Id,Id2,Geography,Estimate; Quintile Upper Limits: - Lowest Quintile,Margin of Error; Quintile Upper Limits: - Lowest Quintile,Estimate; Quintile Upper Limits: - Second Quintile,Margin of Error; Quintile Upper Limits: - Second Quintile,Estimate; Quintile Upper Limits: - Third Quintile,Margin of Error; Quintile Upper Limits: - Third Quintile,Estimate; Quintile Upper Limits: - Fourth Quintile,Margin of Error; Quintile Upper Limits: - Fourth Quintile,Estimate; Lower Limit of Top 5 Percent,Margin of Error; Lower Limit of Top 5 Percent
0500000US05119,05119,"Pulaski County, Arkansas",17777,1211,34268,1670,55669,1941,92271,2909,163250,6939
0500000US22055,22055,"Lafayette Parish, Louisiana",18182,2514,36260,2242,61083,2845,102791,6075,191689,21283
0500000US29095,29095,"Jackson County, Missouri",17281,771,35004,1368,56000,1507,89721,2478,156783,4493
0500000US37067,37067,"Forsyth County, North Carolina",17816,955,32838,1625,53716,2322,92841,4170,182104,25237
0500000US37081,37081,"Guilford County, North Carolina",19615,1142,35295,1352,55019,2324,87714,2901,162212,9255
0500000US51770,51770,"Roanoke city, Virginia",15529,2140,30407,2695,50765,3757,73182,6809,129885,7250
