GEO.id,Id
GEO.id2,Id2
GEO.display-label,Geography
HD01_VD02,Estimate; Total (dollars):
HD02_VD02,Margin of Error; Total (dollars):
HD01_VD04,Estimate; Male -- - Total (dollars)
HD02_VD04,Margin of Error; Male -- - Total (dollars)
HD01_VD05,"Estimate; Male -- - Worked full-time, year-round in the past 12 months (dollars)"
HD02_VD05,"Margin of Error; Male -- - Worked full-time, year-round in the past 12 months (dollars)"
HD01_VD06,Estimate; Male -- - Other (dollars)
HD02_VD06,Margin of Error; Male -- - Other (dollars)
HD01_VD08,Estimate; Female -- - Total (dollars)
HD02_VD08,Margin of Error; Female -- - Total (dollars)
HD01_VD09,"Estimate; Female -- - Worked full-time, year-round in the past 12 months (dollars)"
HD02_VD09,"Margin of Error; Female -- - Worked full-time, year-round in the past 12 months (dollars)"
HD01_VD10,Estimate; Female -- - Other (dollars)
HD02_VD10,Margin of Error; Female -- - Other (dollars)
